size;CPU;size;GPU_Atomics;size;GPU_Reduction
1;0,0001;1;4,39299;1;0,048128
1;0,0002;1;0,009216;1;0,004096
2;0,0001;2;0,008192;2;0,009184
3;0,0003;3;0,009216;3;0,009216
4;0,0002;4;0,007168;4;0,008192
5;0,0002;5;0,008192;5;0,008192
6;0,0003;6;0,008192;6;0,01024
7;0,0003;7;0,032768;7;0,009216
8;0,0004;8;0,041984;8;0,008192
9;0,0003;9;0,043008;9;0,01024
10;0,0004;10;0,0256;10;0,019456
11;0,0003;11;0,013312;11;0,011264
12;0,0009;12;0,008192;12;0,024576
13;0,0002;13;0,008192;13;0,009216
14;0,0002;14;0,01024;14;0,009216
15;0,0003;15;0,007168;15;0,009216
16;0,0005;16;0,007168;16;0,009216
17;0,0004;17;0,044032;17;0,01024
18;0,0003;18;0,034816;18;0,03584
19;0,0002;19;0,01024;19;0,045056
20;0,0006;20;0,009216;20;0,009216
21;0,0001;21;0,029696;21;0,011264
22;0,0006;22;0,009216;22;0,023552
23;0,0003;23;0,007168;23;0,009216
24;0,0002;24;0,032768;24;0,013312
25;0,0006;25;0,009216;25;0,009216
26;0,0002;26;0,007168;26;0,01024
27;0,0003;27;0,04096;27;0,045056
28;0,0004;28;0,007168;28;0,031744
29;0,0003;29;0,007168;29;0,103424
30;0,0003;30;0,01024;30;0,01024
31;0,0002;31;0,007168;31;0,03072
32;0,0004;32;0,008192;32;0,01024
33;0,0005;33;0,01024;33;0,01024
34;0,0002;34;0,007168;34;0,01024
35;0,0002;35;0,008192;35;0,009216
36;0,0003;36;0,009216;36;0,012288
37;0,0002;37;0,008192;37;0,009216
38;0,0002;38;0,007168;38;0,009216
39;0,0003;39;0,007168;39;0,009216
40;0,0003;40;0,00816;40;0,01024
41;0,0005;41;0,009216;41;0,01024
42;0,0005;42;0,007168;42;0,009216
43;0,0003;43;0,008192;43;0,009216
44;0,0003;44;0,007168;44;0,009216
45;0,0002;45;0,008192;45;0,011264
46;0,0004;46;0,008192;46;0,01024
47;0,0003;47;0,007168;47;0,034816
48;0,0002;48;0,024576;48;0,009216
49;0,0003;49;0,01024;49;0,01024
50;0,0002;50;0,009184;50;0,010208
51;0,0002;51;0,007168;51;0,009216
52;0,0004;52;0,00816;52;0,009248
53;0,0003;53;0,008192;53;0,011264
54;0,0002;54;0,008192;54;0,009216
55;0,0003;55;0,007168;55;0,009216
56;0,0003;56;0,007168;56;0,009216
57;0,0003;57;0,009216;57;0,011232
58;0,0004;58;0,009184;58;0,009216
59;0,0002;59;0,007168;59;0,01024
60;0,0002;60;0,007168;60;0,009216
61;0,0003;61;0,008192;61;0,044032
62;0,0003;62;0,019456;62;0,009216
63;0,0003;63;0,007168;63;0,009216
64;0,0005;64;0,007168;64;0,009216
65;0,0002;65;0,007168;65;0,011264
66;0,0005;66;0,009216;66;0,012288
67;0,0004;67;0,008192;67;0,01024
68;0,0003;68;0,007168;68;0,156672
69;0,0005;69;0,01024;69;0,011264
70;0,0003;70;0,007168;70;0,01024
71;0,0004;71;0,11776;71;0,012288
72;0,0005;72;0,008192;72;0,011264
73;0,0003;73;0,0072;73;0,01024
74;0,0003;74;0,032768;74;0,045056
75;0,0005;75;0,009216;75;0,01024
76;0,0006;76;0,007168;76;0,01024
77;0,0003;77;0,021536;77;0,014336
78;0,0003;78;0,008192;78;0,01024
79;0,0005;79;0,036864;79;0,013312
80;0,0016;80;0,009216;80;0,011264
81;0,0003;81;0,028672;81;0,01024
82;0,0004;82;0,011264;82;0,01024
83;0,0005;83;0,008192;83;0,01024
84;0,0005;84;0,008192;84;0,01024
85;0,0003;85;0,008192;85;0,012288
86;0,0003;86;0,009216;86;0,01024
87;0,0004;87;0,007168;87;0,009216
88;0,0003;88;0,008192;88;0,01024
89;0,0003;89;0,008192;89;0,011264
90;0,0003;90;0,009216;90;0,011264
91;0,0003;91;0,007168;91;0,009216
92;0,0003;92;0,022528;92;0,022528
93;0,0004;93;0,008192;93;0,021504
94;0,0005;94;0,008192;94;0,01024
95;0,0004;95;0,007168;95;0,021504
96;0,0004;96;0,018432;96;0,022528
97;0,0003;97;0,009184;97;0,009216
98;0,0003;98;0,007168;98;0,009216
99;0,0003;99;0,007168;99;0,01024
100;0,0004;100;0,01024;100;0,012288
101;0,0003;101;0,009216;101;0,009216
102;0,0003;102;0,008192;102;0,01024
103;0,0003;103;0,008192;103;0,011264
104;0,0004;104;0,011264;104;0,019456
105;0,0004;105;0,008192;105;0,01024
106;0,0003;106;0,007168;106;0,01024
107;0,0003;107;0,008192;107;0,01024
108;0,0005;108;0,018432;108;0,011264
109;0,0003;109;0,007168;109;0,01024
110;0,0003;110;0,007168;110;0,01024
111;0,0004;111;0,008192;111;0,010272
112;0,0004;112;0,009216;112;0,019456
113;0,0003;113;0,0072;113;0,009216
114;0,0003;114;0,009216;114;0,011264
115;0,0003;115;0,009216;115;0,009216
116;0,0003;116;0,007168;116;0,01024
117;0,0004;117;0,164864;117;0,04608
118;0,0007;118;0,008192;118;0,011264
119;0,0005;119;0,009216;119;0,010272
120;0,0005;120;0,01024;120;0,024576
121;0,0004;121;0,008192;121;0,011264
122;0,0006;122;0,01024;122;0,01024
123;0,0004;123;0,008192;123;0,019456
124;0,0004;124;0,009216;124;0,01024
125;0,0003;125;0,007168;125;0,01024
126;0,0007;126;0,050176;126;0,044032
127;0,0006;127;0,018432;127;0,009216
128;0,0003;128;0,008192;128;0,0256
129;0,0003;129;0,008192;129;0,011264
130;0,0004;130;0,007168;130;0,011264
131;0,0004;131;0,008192;131;0,01024
132;0,0006;132;0,009248;132;0,012288
133;0,0005;133;0,017408;133;0,02048
134;0,0004;134;0,008192;134;0,010272
135;0,0004;135;0,009216;135;0,014336
136;0,0005;136;0,01024;136;0,024576
137;0,0004;137;0,019456;137;0,01024
138;0,0004;138;0,007168;138;0,01024
139;0,0004;139;0,008192;139;0,012288
140;0,0004;140;0,009216;140;0,011264
141;0,0004;141;0,007168;141;0,01024
142;0,0005;142;0,007168;142;0,011264
143;0,0004;143;0,008224;143;0,011264
144;0,0006;144;0,009216;144;0,011264
145;0,0004;145;0,007168;145;0,023552
146;0,0004;146;0,008192;146;0,011264
147;0,0006;147;0,009216;147;0,024576
148;0,0004;148;0,007168;148;0,013312
149;0,0004;149;0,007168;149;0,01024
150;0,0005;150;0,018432;150;0,011264
151;0,0004;151;0,009216;151;0,011264
152;0,0005;152;0,007168;152;0,01024
153;0,0004;153;0,008192;153;0,01024
154;0,0006;154;0,039968;154;0,01024
155;0,0004;155;0,008192;155;0,023552
156;0,0005;156;0,008192;156;0,011264
157;0,0004;157;0,019456;157;0,011264
158;0,0005;158;0,008192;158;0,01024
159;0,0009;159;0,22016;159;0,019456
160;0,0005;160;0,008192;160;0,019456
161;0,0005;161;0,008192;161;0,021504
162;0,0007;162;0,009216;162;0,011264
163;0,0005;163;0,009216;163;0,01024
164;0,0005;164;0,01024;164;0,012288
165;0,0007;165;0,018432;165;0,012288
166;0,0004;166;0,008192;166;0,01024
167;0,0004;167;0,023552;167;0,012288
168;0,0014;168;0,009216;168;0,023552
169;0,0005;169;0,008192;169;0,01024
170;0,0007;170;0,041984;170;0,011264
171;0,0004;171;0,007168;171;0,01024
172;0,0005;172;0,008192;172;0,010208
173;0,0005;173;0,017408;173;0,011264
174;0,0005;174;0,007168;174;0,011264
175;0,0005;175;0,008224;175;0,01328
176;0,0005;176;0,008192;176;0,01024
177;0,0005;177;0,007168;177;0,01024
178;0,0004;178;0,007168;178;0,01024
179;0,0004;179;0,009216;179;0,044032
180;0,0006;180;0,009216;180;0,0256
181;0,0005;181;0,008192;181;0,021504
182;0,0005;182;0,007168;182;0,011264
183;0,0005;183;0,008192;183;0,014336
184;0,0007;184;0,008192;184;0,011264
185;0,0005;185;0,007168;185;0,01024
186;0,0004;186;0,008192;186;0,01024
187;0,0006;187;0,009216;187;0,011264
188;0,0005;188;0,008192;188;0,01024
189;0,0005;189;0,008192;189;0,021504
190;0,0005;190;0,007168;190;0,011264
191;0,0006;191;0,018432;191;0,01024
192;0,0005;192;0,007168;192;0,01024
193;0,0005;193;0,052224;193;0,011264
194;0,0007;194;0,008192;194;0,012288
195;0,0005;195;0,009216;195;0,011264
196;0,0005;196;0,007168;196;0,01024
197;0,0005;197;0,008192;197;0,012288
198;0,0005;198;0,008192;198;0,011264
199;0,0007;199;0,008192;199;0,01024
200;0,0005;200;0,007168;200;0,014336
201;0,0009;201;0,009216;201;0,01024
202;0,0006;202;0,008192;202;0,009216
203;0,0005;203;0,009216;203;0,013312
204;0,0006;204;0,009216;204;0,011264
205;0,0005;205;0,007168;205;0,01024
206;0,001;206;0,04096;206;0,011264
207;0,0006;207;0,008192;207;0,01024
208;0,0005;208;0,007168;208;0,011264
209;0,003;209;0,009216;209;0,011264
210;0,0006;210;0,007168;210;0,01024
211;0,0006;211;0,007168;211;0,011264
212;0,0005;212;0,008192;212;0,01328
213;0,0006;213;0,009216;213;0,01024
214;0,0005;214;0,007168;214;0,01024
215;0,0005;215;0,007168;215;0,011264
216;0,0005;216;0,041984;216;0,011264
217;0,0005;217;0,008192;217;0,01024
218;0,0006;218;0,007168;218;0,01024
219;0,0005;219;0,008192;219;0,011264
220;0,0009;220;0,01024;220;0,01024
221;0,0007;221;0,008192;221;0,01024
222;0,0008;222;0,007168;222;0,011264
223;0,0009;223;0,009216;223;0,011296
224;0,0006;224;0,008192;224;0,01024
225;0,0007;225;0,007168;225;0,014336
226;0,0011;226;0,009216;226;0,011264
227;0,0007;227;0,007168;227;0,014336
228;0,001;228;0,00816;228;0,01024
229;0,0009;229;0,008192;229;0,012288
230;0,0009;230;0,009216;230;0,01024
231;0,0006;231;0,007168;231;0,01024
232;0,0009;232;0,007168;232;0,011264
233;0,0009;233;0,009216;233;0,011264
234;0,001;234;0,008192;234;0,01024
235;0,0008;235;0,008192;235;0,014336
236;0,0009;236;0,01024;236;0,011264
237;0,0009;237;0,007168;237;0,01024
238;0,0013;238;0,009216;238;0,011264
239;0,0011;239;0,008192;239;0,01024
240;0,0008;240;0,008192;240;0,01024
241;0,0009;241;0,011264;241;0,012288
242;0,0008;242;0,008192;242;0,01024
243;0,0007;243;0,007168;243;0,031776
244;0,0008;244;0,01024;244;0,011264
245;0,0008;245;0,007168;245;0,01024
246;0,0007;246;0,008192;246;0,017376
247;0,0012;247;0,009216;247;0,011264
248;0,0008;248;0,008192;248;0,01024
249;0,0007;249;0,009216;249;0,012288
250;0,0009;250;0,008192;250;0,01024
251;0,0012;251;0,007168;251;0,011264
252;0,0012;252;0,04608;252;0,011264
253;0,0009;253;0,008192;253;0,009248
254;0,0006;254;0,008192;254;0,01024
255;0,001;255;0,01024;255;0,012288
256;0,001;256;0,008192;256;0,01024
257;0,0008;257;0,007168;257;0,01024
258;0,0014;258;0,008192;258;0,012288
259;0,001;259;0,009216;259;0,01024
260;0,001;260;0,007168;260;0,01024
261;0,0017;261;0,007168;261;0,011264
262;0,0007;262;0,041984;262;0,012288
263;0,0007;263;0,007168;263;0,011264
264;0,0007;264;0,007168;264;0,010272
265;0,0009;265;0,008192;265;0,011264
266;0,0006;266;0,008192;266;0,011264
267;0,001;267;0,01024;267;0,011264
268;0,0007;268;0,008192;268;0,01024
269;0,0008;269;0,008192;269;0,011264
270;0,0011;270;0,008192;270;0,012288
271;0,0009;271;0,009216;271;0,011264
272;0,0008;272;0,007168;272;0,011264
273;0,0007;273;0,007168;273;0,011264
274;0,0007;274;0,009216;274;0,04608
275;0,0007;275;0,009216;275;0,011264
276;0,0009;276;0,007168;276;0,01024
277;0,0008;277;0,007168;277;0,011264
278;0,0007;278;0,007168;278;0,011264
279;0,0009;279;0,044032;279;0,011264
280;0,0007;280;0,008192;280;0,011264
281;0,0015;281;0,008192;281;0,01024
282;0,0013;282;0,007168;282;0,01536
283;0,0009;283;0,008192;283;0,011264
284;0,0011;284;0,007168;284;0,01024
285;0,0012;285;0,007168;285;0,011264
286;0,0014;286;0,04096;286;0,011296
287;0,0007;287;0,007168;287;0,011264
288;0,0007;288;0,007168;288;0,01024
289;0,0009;289;0,009216;289;0,012288
290;0,0009;290;0,008192;290;0,01024
291;0,0117;291;0,008192;291;0,011264
292;0,0007;292;0,008192;292;0,012288
293;0,001;293;0,009216;293;0,011264
294;0,0018;294;0,007168;294;0,01024
295;0,0009;295;0,008192;295;0,011264
296;0,0014;296;0,009216;296;0,012288
297;0,001;297;0,008192;297;0,011264
298;0,0007;298;0,007168;298;0,01024
299;0,0008;299;0,009216;299;0,012288
300;0,002;300;0,008192;300;0,011264
301;0,0007;301;0,007168;301;0,011264
302;0,0011;302;0,008192;302;0,012288
303;0,0008;303;0,008192;303;0,011264
304;0,0008;304;0,007168;304;0,011264
305;0,0018;305;0,007168;305;0,01024
306;0,001;306;0,028672;306;0,012288
307;0,0009;307;0,008192;307;0,011264
308;0,0018;308;0,008192;308;0,010272
309;0,0019;309;0,007168;309;0,011264
310;0,0008;310;0,008192;310;0,013312
311;0,0008;311;0,009216;311;0,011264
312;0,0012;312;0,008192;312;0,011264
313;0,0019;313;0,008192;313;0,011264
314;0,001;314;0,007168;314;0,01024
315;0,0012;315;0,041984;315;0,011264
316;0,0011;316;0,007168;316;0,011264
317;0,0009;317;0,0072;317;0,01024
318;0,0007;318;0,008192;318;0,011264
319;0,0015;319;0,009216;319;0,044032
320;0,0008;320;0,008192;320;0,01024
321;0,0011;321;0,008192;321;0,01024
322;0,0007;322;0,007168;322;0,012288
323;0,0008;323;0,008192;323;0,047104
324;0,0011;324;0,008192;324;0,011264
325;0,0008;325;0,008192;325;0,01024
326;0,0007;326;0,007168;326;0,011264
327;0,001;327;0,007168;327;0,013312
328;0,0015;328;0,009216;328;0,011264
329;0,001;329;0,007168;329;0,011264
330;0,0008;330;0,00816;330;0,019456
331;0,0015;331;0,041984;331;0,011264
332;0,0012;332;0,007168;332;0,011264
333;0,0012;333;0,008192;333;0,011264
334;0,0013;334;0,008192;334;0,04608
335;0,0009;335;0,009216;335;0,011264
336;0,0009;336;0,008192;336;0,011264
337;0,0008;337;0,008192;337;0,012288
338;0,0011;338;0,009216;338;0,011264
339;0,0008;339;0,008192;339;0,011264
340;0,001;340;0,02768;340;0,012288
341;0,0009;341;0,009248;341;0,011264
342;0,0015;342;0,007168;342;0,011264
343;0,0022;343;0,008192;343;0,012288
344;0,0015;344;0,009216;344;0,011264
345;0,0008;345;0,008192;345;0,01024
346;0,0009;346;0,008192;346;0,01536
347;0,0009;347;0,009216;347;0,011296
348;0,0009;348;0,008192;348;0,011264
349;0,0011;349;0,007168;349;0,01024
350;0,0021;350;0,009216;350;0,011264
351;0,0011;351;0,009216;351;0,011264
352;0,0013;352;0,029696;352;0,011264
353;0,0011;353;0,007168;353;0,014336
354;0,0009;354;0,009216;354;0,011264
355;0,0011;355;0,008192;355;0,011264
356;0,0008;356;0,007168;356;0,01024
357;0,0009;357;0,007168;357;0,014336
358;0,002;358;0,008192;358;0,011264
359;0,0011;359;0,008192;359;0,011232
360;0,0009;360;0,008192;360;0,011264
361;0,002;361;0,008192;361;0,012288
362;0,0013;362;0,008192;362;0,01024
363;0,0014;363;0,007168;363;0,011264
364;0,0012;364;0,008192;364;0,011264
365;0,0013;365;0,011264;365;0,011264
366;0,0013;366;0,008192;366;0,011264
367;0,001;367;0,008192;367;0,01024
368;0,0012;368;0,007168;368;0,011264
369;0,0024;369;0,041984;369;0,011264
370;0,0011;370;0,008192;370;0,011264
371;0,0013;371;0,007168;371;0,01024
372;0,0023;372;0,008192;372;0,011264
373;0,0009;373;0,009216;373;0,011264
374;0,001;374;0,008192;374;0,011264
375;0,0015;375;0,032768;375;0,011264
376;0,0015;376;0,008192;376;0,013312
377;0,0011;377;0,009216;377;0,01024
378;0,001;378;0,007168;378;0,011264
379;0,0014;379;0,009216;379;0,045056
380;0,0014;380;0,009216;380;0,034816
381;0,0014;381;0,008192;381;0,01024
382;0,0022;382;0,009216;382;0,047104
383;0,001;383;0,009184;383;0,011264
384;0,0026;384;0,007168;384;0,01024
385;0,0023;385;0,009184;385;0,045056
386;0,0012;386;0,008192;386;0,011264
387;0,0013;387;0,008192;387;0,011264
388;0,0013;388;0,008192;388;0,045056
389;0,0013;389;0,008192;389;0,011264
390;0,001;390;0,007168;390;0,011264
391;0,0009;391;0,009216;391;0,013312
392;0,0019;392;0,008192;392;0,011264
393;0,0013;393;0,008192;393;0,01024
394;0,001;394;0,007168;394;0,011264
395;0,0014;395;0,01024;395;0,011264
396;0,0013;396;0,008192;396;0,011264
397;0,0017;397;0,007168;397;0,01024
398;0,0013;398;0,01024;398;0,012288
399;0,0012;399;0,008192;399;0,011264
400;0,0009;400;0,008192;400;0,01024
401;0,0009;401;0,01024;401;0,045056
402;0,001;402;0,008192;402;0,011264
403;0,0009;403;0,007168;403;0,011264
404;0,0009;404;0,007168;404;0,011264
405;0,001;405;0,040992;405;0,011264
406;0,001;406;0,007168;406;0,011264
407;0,001;407;0,007168;407;0,011264
408;0,001;408;0,007168;408;0,011264
409;0,0012;409;0,008192;409;0,012288
410;0,0014;410;0,008192;410;0,01024
411;0,0011;411;0,00816;411;0,01024
412;0,001;412;0,008192;412;0,012288
413;0,001;413;0,01024;413;0,011264
414;0,0016;414;0,0072;414;0,01024
415;0,0012;415;0,007168;415;0,01024
416;0,0017;416;0,008192;416;0,011264
417;0,0015;417;0,009216;417;0,012256
418;0,0012;418;0,008192;418;0,011264
419;0,0015;419;0,041984;419;0,011264
420;0,001;420;0,008192;420;0,010272
421;0,0009;421;0,008192;421;0,011264
422;0,001;422;0,01024;422;0,011264
423;0,0016;423;0,008192;423;0,011264
424;0,0013;424;0,008192;424;0,012288
425;0,0016;425;0,009216;425;0,011264
426;0,001;426;0,007168;426;0,011264
427;0,0015;427;0,01024;427;0,012256
428;0,0014;428;0,008192;428;0,011264
429;0,0011;429;0,007168;429;0,01024
430;0,0015;430;0,009216;430;0,013312
431;0,0017;431;0,009216;431;0,011264
432;0,0013;432;0,007168;432;0,01536
433;0,0017;433;0,009216;433;0,011264
434;0,0014;434;0,008192;434;0,01024
435;0,001;435;0,008192;435;0,01536
436;0,0014;436;0,008192;436;0,012288
437;0,001;437;0,00816;437;0,01024
438;0,0009;438;0,008192;438;0,01024
439;0,0009;439;0,008192;439;0,012288
440;0,001;440;0,008192;440;0,011264
441;0,001;441;0,008192;441;0,01024
442;0,0014;442;0,007168;442;0,012288
443;0,0017;443;0,01024;443;0,011264
444;0,001;444;0,007168;444;0,01024
445;0,0011;445;0,008192;445;0,011264
446;0,0013;446;0,008192;446;0,012288
447;0,0017;447;0,009216;447;0,01024
448;0,0014;448;0,008192;448;0,01024
449;0,0015;449;0,007168;449;0,011264
450;0,0014;450;0,029696;450;0,013312
451;0,0013;451;0,008192;451;0,021472
452;0,001;452;0,007168;452;0,011264
453;0,0013;453;0,008192;453;0,013312
454;0,0015;454;0,01024;454;0,011264
455;0,001;455;0,0072;455;0,011264
456;0,0011;456;0,008192;456;0,011264
457;0,002;457;0,041952;457;0,011264
458;0,0012;458;0,008192;458;0,011264
459;0,0014;459;0,008192;459;0,011264
460;0,0014;460;0,007168;460;0,012288
461;0,0014;461;0,01024;461;0,011264
462;0,001;462;0,007168;462;0,01024
463;0,0011;463;0,008192;463;0,01024
464;0,001;464;0,008192;464;0,011264
465;0,0016;465;0,009216;465;0,012288
466;0,001;466;0,009216;466;0,01024
467;0,0015;467;0,007168;467;0,01024
468;0,001;468;0,009216;468;0,012288
469;0,001;469;0,008192;469;0,011264
470;0,0016;470;0,007168;470;0,011264
471;0,001;471;0,008192;471;0,012288
472;0,001;472;0,018432;472;0,012288
473;0,0018;473;0,008192;473;0,026624
474;0,0011;474;0,009216;474;0,045056
475;0,001;475;0,008192;475;0,01024
476;0,0011;476;0,007168;476;0,059392
477;0,0019;477;0,009216;477;0,024576
478;0,001;478;0,007168;478;0,01024
479;0,0011;479;0,009216;479;0,012288
480;0,0009;480;0,008224;480;0,011264
481;0,001;481;0,007168;481;0,01024
482;0,0011;482;0,03584;482;0,011264
483;0,0011;483;0,007168;483;0,011264
484;0,0011;484;0,007168;484;0,011264
485;0,0024;485;0,009216;485;0,013312
486;0,001;486;0,008192;486;0,010272
487;0,0011;487;0,021504;487;0,022528
488;0,0011;488;0,009216;488;0,013312
489;0,0011;489;0,008192;489;0,01024
490;0,0011;490;0,007168;490;0,01024
491;0,0011;491;0,007168;491;0,067584
492;0,0011;492;0,009216;492;0,021504
493;0,0011;493;0,008192;493;0,022528
494;0,0014;494;0,008192;494;0,011264
495;0,0012;495;0,011264;495;0,011264
496;0,0011;496;0,007168;496;0,024576
497;0,0011;497;0,021504;497;0,010272
498;0,0011;498;0,008192;498;0,011264
499;0,0019;499;0,01024;499;0,027648
500;0,0011;500;0,007168;500;0,01024
501;0,0011;501;0,045056;501;0,020448
502;0,0016;502;0,009216;502;0,01024
503;0,0012;503;0,007168;503;0,0256
504;0,0011;504;0,008192;504;0,011264
505;0,0014;505;0,01024;505;0,011264
506;0,0012;506;0,008192;506;0,0256
507;0,0014;507;0,010208;507;0,021504
508;0,0011;508;0,008224;508;0,01024
509;0,0011;509;0,008192;509;0,01024
510;0,0013;510;0,011264;510;0,012288
511;0,0011;511;0,009216;511;0,01024
512;0,0011;512;0,007168;512;0,012256
513;0,0012;513;0,019456;513;0,011264
514;0,0017;514;0,007168;514;0,0256
515;0,0011;515;0,008192;515;0,013312
516;0,0013;516;0,022528;516;0,026624
517;0,0011;517;0,008192;517;0,011264
518;0,0019;518;0,009216;518;0,017408
519;0,0011;519;0,008192;519;0,011264
520;0,0012;520;0,007168;520;0,012288
521;0,001;521;0,012288;521;0,013312
522;0,0016;522;0,008192;522;0,021504
523;0,0018;523;0,007168;523;0,021504
524;0,0107;524;0,008192;524;0,045056
525;0,0018;525;0,008192;525;0,011264
526;0,0017;526;0,008192;526;0,011264
527;0,0017;527;0,008192;527;0,029696
528;0,0015;528;0,008192;528;0,023552
529;0,002;529;0,00816;529;0,02048
530;0,0012;530;0,008192;530;0,012288
531;0,0017;531;0,01024;531;0,030752
532;0,0013;532;0,008192;532;0,011264
533;0,0012;533;0,007168;533;0,0256
534;0,0017;534;0,041984;534;0,012288
535;0,0011;535;0,007168;535;0,012288
536;0,0012;536;0,008192;536;0,011264
537;0,0011;537;0,007168;537;0,011264
538;0,0012;538;0,018432;538;0,012288
539;0,0012;539;0,0072;539;0,011264
540;0,0012;540;0,008192;540;0,011264
541;0,0011;541;0,018432;541;0,016384
542;0,0013;542;0,022528;542;0,028672
543;0,0013;543;0,009216;543;0,045056
544;0,0012;544;0,008192;544;0,011264
545;0,0012;545;0,009216;545;0,022528
546;0,0017;546;0,008192;546;0,012288
547;0,002;547;0,008192;547;0,012288
548;0,0013;548;0,01024;548;0,026624
549;0,0012;549;0,008192;549;0,023552
550;0,0017;550;0,009216;550;0,024576
551;0,0012;551;0,02048;551;0,011264
552;0,0012;552;0,007168;552;0,013312
553;0,0141;553;0,017408;553;0,012288
554;0,0011;554;0,022528;554;0,011264
555;0,0013;555;0,008192;555;0,013312
556;0,0013;556;0,008192;556;0,011264
557;0,0012;557;0,021504;557;0,012288
558;0,0012;558;0,1464;558;0,04608
559;0,0012;559;0,008192;559;0,011264
560;0,0012;560;0,007168;560;0,011264
561;0,0012;561;0,009184;561;0,012288
562;0,0013;562;0,019456;562;0,012288
563;0,0013;563;0,007168;563;0,021504
564;0,0012;564;0,007168;564;0,021504
565;0,0012;565;0,032768;565;0,012288
566;0,0012;566;0,00816;566;0,011264
567;0,0012;567;0,007168;567;0,011264
568;0,0012;568;0,011264;568;0,04608
569;0,0013;569;0,008192;569;0,011264
570;0,0012;570;0,008192;570;0,011264
571;0,0013;571;0,009216;571;0,014336
572;0,0013;572;0,009216;572;0,012288
573;0,0012;573;0,007168;573;0,011264
574;0,0012;574;0,007168;574;0,033792
575;0,0012;575;0,041984;575;0,012288
576;0,0012;576;0,007168;576;0,011264
577;0,0012;577;0,007168;577;0,011264
578;0,0012;578;0,008192;578;0,045056
579;0,0013;579;0,008192;579;0,012288
580;0,0012;580;0,008192;580;0,011264
581;0,0013;581;0,008192;581;0,011264
582;0,0018;582;0,009216;582;0,013312
583;0,0017;583;0,008192;583;0,011264
584;0,0013;584;0,007168;584;0,029696
585;0,0014;585;0,039936;585;0,012288
586;0,0013;586;0,007168;586;0,011264
587;0,0013;587;0,008192;587;0,012288
588;0,0013;588;0,009216;588;0,013312
589;0,0013;589;0,008192;589;0,011264
590;0,0019;590;0,008192;590;0,012256
591;0,0023;591;0,041984;591;0,012288
592;0,0018;592;0,008192;592;0,011264
593;0,0014;593;0,007168;593;0,012288
594;0,0013;594;0,009216;594;0,012288
595;0,0013;595;0,008192;595;0,011264
596;0,0012;596;0,008192;596;0,011264
597;0,0013;597;0,01024;597;0,0256
598;0,0014;598;0,009216;598;0,012288
599;0,0013;599;0,008192;599;0,011264
600;0,0014;600;0,007168;600;0,011264
601;0,0016;601;0,009216;601;0,013312
602;0,0013;602;0,008192;602;0,011264
603;0,0014;603;0,008192;603;0,011264
604;0,0013;604;0,008192;604;0,011264
605;0,0017;605;0,011264;605;0,013312
606;0,0013;606;0,009216;606;0,011264
607;0,0013;607;0,007168;607;0,011264
608;0,0013;608;0,007168;608;0,011264
609;0,0013;609;0,00816;609;0,014336
610;0,0014;610;0,009216;610;0,011264
611;0,0014;611;0,008192;611;0,012288
612;0,0013;612;0,008192;612;0,011264
613;0,0013;613;0,008192;613;0,014336
614;0,0014;614;0,009216;614;0,011264
615;0,0013;615;0,008192;615;0,011264
616;0,0013;616;0,007168;616;0,011264
617;0,0013;617;0,009184;617;0,04608
618;0,0013;618;0,008192;618;0,011264
619;0,0013;619;0,007168;619;0,011264
620;0,0013;620;0,009216;620;0,01328
621;0,0019;621;0,010208;621;0,012288
622;0,0013;622;0,009216;622;0,011264
623;0,0013;623;0,008192;623;0,045056
624;0,0014;624;0,008192;624;0,011264
625;0,0013;625;0,007168;625;0,011264
626;0,0014;626;0,009216;626;0,022528
627;0,0014;627;0,009216;627;0,011264
628;0,0014;628;0,007168;628;0,011264
629;0,0017;629;0,012288;629;0,012288
630;0,0014;630;0,009216;630;0,012256
631;0,0021;631;0,009216;631;0,045056
632;0,0014;632;0,009216;632;0,011264
633;0,0014;633;0,008192;633;0,012288
634;0,0014;634;0,01024;634;0,011264
635;0,0019;635;0,008192;635;0,011264
636;0,0014;636;0,008192;636;0,04608
637;0,0014;637;0,009216;637;0,011264
638;0,0015;638;0,007168;638;0,011264
639;0,0014;639;0,007168;639;0,014336
640;0,0015;640;0,01024;640;0,012288
641;0,0014;641;0,007168;641;0,011264
642;0,0014;642;0,008192;642;0,012288
643;0,0019;643;0,01024;643;0,013312
644;0,0014;644;0,009216;644;0,012288
645;0,0015;645;0,008192;645;0,011264
646;0,0013;646;0,008192;646;0,012288
647;0,0016;647;0,011264;647;0,013312
648;0,0014;648;0,009216;648;0,011264
649;0,0014;649;0,008192;649;0,011264
650;0,0013;650;0,007168;650;0,011264
651;0,0028;651;0,012256;651;0,012288
652;0,0014;652;0,008192;652;0,011264
653;0,0014;653;0,007168;653;0,011264
654;0,0014;654;0,008192;654;0,012288
655;0,0017;655;0,012288;655;0,012288
656;0,0014;656;0,008192;656;0,011264
657;0,0015;657;0,007168;657;0,012288
658;0,0014;658;0,008192;658;0,013312
659;0,0015;659;0,009216;659;0,012288
660;0,0015;660;0,008192;660;0,011264
661;0,0014;661;0,008192;661;0,012288
662;0,0015;662;0,008192;662;0,012288
663;0,0014;663;0,010208;663;0,011264
664;0,0015;664;0,007168;664;0,011264
665;0,0014;665;0,007168;665;0,011264
666;0,0014;666;0,009216;666;0,014336
667;0,0016;667;0,008192;667;0,011264
668;0,0014;668;0,007168;668;0,011264
669;0,0018;669;0,009216;669;0,013312
670;0,0015;670;0,008192;670;0,011264
671;0,0015;671;0,008192;671;0,011264
672;0,0023;672;0,04096;672;0,012288
673;0,0015;673;0,008192;673;0,011264
674;0,0018;674;0,007168;674;0,012288
675;0,002;675;0,01024;675;0,011264
676;0,0015;676;0,009216;676;0,011264
677;0,0022;677;0,01024;677;0,012288
678;0,0017;678;0,008192;678;0,011264
679;0,0021;679;0,009216;679;0,013312
680;0,0019;680;0,008192;680;0,011264
681;0,002;681;0,007168;681;0,011264
682;0,0032;682;0,008192;682;0,013312
683;0,0022;683;0,009184;683;0,011264
684;0,0015;684;0,008192;684;0,023552
685;0,0021;685;0,01024;685;0,012288
686;0,0023;686;0,007168;686;0,011264
687;0,0015;687;0,008192;687;0,011264
688;0,0018;688;0,009216;688;0,045056
689;0,0015;689;0,008192;689;0,011264
690;0,0015;690;0,007168;690;0,011264
691;0,0015;691;0,008192;691;0,012288
692;0,0022;692;0,043008;692;0,012288
693;0,0015;693;0,007168;693;0,011264
694;0,0015;694;0,008192;694;0,011264
695;0,0015;695;0,007168;695;0,012288
696;0,0016;696;0,041984;696;0,012288
697;0,0015;697;0,007168;697;0,011264
698;0,0016;698;0,008192;698;0,011264
699;0,0016;699;0,008192;699;0,011264
700;0,0015;700;0,01024;700;0,012288
701;0,0015;701;0,008192;701;0,011264
702;0,0016;702;0,007168;702;0,011264
703;0,0015;703;0,008192;703;0,011264
704;0,0019;704;0,043008;704;0,011264
705;0,0033;705;0,008192;705;0,011264
706;0,0015;706;0,008192;706;0,011264
707;0,0016;707;0,008192;707;0,012288
708;0,002;708;0,01024;708;0,012288
709;0,0016;709;0,008192;709;0,011264
710;0,0015;710;0,13824;710;0,013312
711;0,0015;711;0,009216;711;0,011264
712;0,0016;712;0,008192;712;0,011264
713;0,0017;713;0,01024;713;0,011264
714;0,0021;714;0,007168;714;0,011264
715;0,0016;715;0,008192;715;0,013312
716;0,0029;716;0,01024;716;0,011264
717;0,0015;717;0,008192;717;0,012256
718;0,0022;718;0,008192;718;0,045056
719;0,0015;719;0,008192;719;0,011264
720;0,0016;720;0,008192;720;0,012288
721;0,002;721;0,009216;721;0,011264
722;0,0015;722;0,008192;722;0,011264
723;0,0025;723;0,01024;723;0,012288
724;0,0016;724;0,008192;724;0,011264
725;0,0016;725;0,007168;725;0,011264
726;0,0021;726;0,008192;726;0,013312
727;0,0016;727;0,008192;727;0,011264
728;0,0015;728;0,008192;728;0,011264
729;0,0016;729;0,008192;729;0,011264
730;0,0022;730;0,045056;730;0,012288
731;0,0023;731;0,007168;731;0,01024
732;0,0015;732;0,008192;732;0,011264
733;0,0016;733;0,007168;733;0,013312
734;0,0021;734;0,01024;734;0,011264
735;0,0016;735;0,008192;735;0,011264
736;0,0016;736;0,008192;736;0,012288
737;0,0016;737;0,008192;737;0,011264
738;0,002;738;0,011264;738;0,012288
739;0,0016;739;0,008224;739;0,011264
740;0,0016;740;0,007168;740;0,011264
741;0,0016;741;0,008192;741;0,011264
742;0,0016;742;0,008192;742;0,01328
743;0,0017;743;0,009216;743;0,012288
744;0,0016;744;0,007168;744;0,011264
745;0,0016;745;0,007168;745;0,012288
746;0,0016;746;0,008192;746;0,012288
747;0,0023;747;0,041984;747;0,011264
748;0,0024;748;0,007168;748;0,011264
749;0,0017;749;0,008192;749;0,011264
750;0,0025;750;0,041984;750;0,011264
751;0,0027;751;0,007168;751;0,011264
752;0,0016;752;0,008192;752;0,01024
753;0,0022;753;0,01024;753;0,011264
754;0,0017;754;0,008192;754;0,011264
755;0,0016;755;0,008192;755;0,012288
756;0,0021;756;0,01024;756;0,011264
757;0,0016;757;0,008192;757;0,011264
758;0,0016;758;0,007168;758;0,017408
759;0,0016;759;0,009216;759;0,012288
760;0,0016;760;0,008192;760;0,011264
761;0,0022;761;0,009216;761;0,013312
762;0,0016;762;0,008192;762;0,011264
763;0,0017;763;0,007168;763;0,013312
764;0,0018;764;0,01024;764;0,011264
765;0,0017;765;0,007168;765;0,011264
766;0,0017;766;0,008192;766;0,022528
767;0,0021;767;0,009216;767;0,012288
768;0,0016;768;0,007168;768;0,010272
769;0,0017;769;0,008192;769;0,013312
770;0,0017;770;0,009216;770;0,011264
771;0,0016;771;0,008192;771;0,012288
772;0,0016;772;0,0072;772;0,012288
773;0,0021;773;0,052224;773;0,012288
774;0,0017;774;0,008192;774;0,012288
775;0,0017;775;0,008192;775;0,011264
776;0,0022;776;0,012288;776;0,012288
777;0,0017;777;0,008192;777;0,011264
778;0,0017;778;0,008192;778;0,011264
779;0,0017;779;0,007168;779;0,012288
780;0,0017;780;0,008192;780;0,012288
781;0,0018;781;0,009216;781;0,012288
782;0,0017;782;0,008192;782;0,011264
783;0,0016;783;0,007168;783;0,012288
784;0,0017;784;0,008192;784;0,011264
785;0,0017;785;0,041984;785;0,012288
786;0,0017;786;0,008192;786;0,011264
787;0,0017;787;0,007168;787;0,011264
788;0,0017;788;0,007168;788;0,011264
789;0,0022;789;0,041984;789;0,012288
790;0,0017;790;0,007168;790;0,012288
791;0,0017;791;0,008192;791;0,011264
792;0,0017;792;0,008192;792;0,012288
793;0,0017;793;0,008192;793;0,012288
794;0,0017;794;0,009216;794;0,012288
795;0,0017;795;0,007168;795;0,011264
796;0,0016;796;0,008192;796;0,012288
797;0,0017;797;0,008192;797;0,012288
798;0,0129;798;0,01024;798;0,011264
799;0,0017;799;0,007168;799;0,011264
800;0,0017;800;0,008192;800;0,011264
801;0,0018;801;0,01024;801;0,012288
802;0,0017;802;0,007168;802;0,011264
803;0,0017;803;0,007168;803;0,011264
804;0,0021;804;0,009216;804;0,012288
805;0,0017;805;0,007168;805;0,011264
806;0,0021;806;0,009216;806;0,045056
807;0,0018;807;0,008192;807;0,012288
808;0,0018;808;0,011264;808;0,04608
809;0,0017;809;0,009216;809;0,011264
810;0,0018;810;0,008192;810;0,011264
811;0,0028;811;0,011264;811;0,021504
812;0,0018;812;0,009216;812;0,011264
813;0,0024;813;0,007168;813;0,011264
814;0,0027;814;0,043008;814;0,012288
815;0,0018;815;0,008192;815;0,011264
816;0,0017;816;0,008192;816;0,011296
817;0,0024;817;0,026624;817;0,014304
818;0,0018;818;0,009216;818;0,011264
819;0,0017;819;0,007168;819;0,011264
820;0,0018;820;0,011264;820;0,047104
821;0,0017;821;0,009216;821;0,011264
822;0,0017;822;0,007168;822;0,011264
823;0,0017;823;0,008192;823;0,011264
824;0,0018;824;0,008192;824;0,012288
825;0,0018;825;0,01024;825;0,012288
826;0,0018;826;0,008192;826;0,011264
827;0,0017;827;0,008192;827;0,012288
828;0,0017;828;0,009216;828;0,048128
829;0,0018;829;0,009216;829;0,011264
830;0,0018;830;0,008192;830;0,011264
831;0,0024;831;0,008192;831;0,012288
832;0,0021;832;0,009216;832;0,013312
833;0,0018;833;0,008192;833;0,011264
834;0,0018;834;0,008192;834;0,012288
835;0,0018;835;0,008192;835;0,012288
836;0,0018;836;0,019456;836;0,045056
837;0,0022;837;0,008192;837;0,011264
838;0,0018;838;0,008192;838;0,011264
839;0,0018;839;0,008192;839;0,012288
840;0,0017;840;0,008224;840;0,011264
841;0,0018;841;0,01024;841;0,012256
842;0,0018;842;0,008192;842;0,011264
843;0,0017;843;0,007168;843;0,011264
844;0,0019;844;0,008192;844;0,012288
845;0,0024;845;0,029696;845;0,011264
846;0,0029;846;0,008192;846;0,011264
847;0,0018;847;0,008192;847;0,011264
848;0,0018;848;0,008192;848;0,012288
849;0,0024;849;0,009216;849;0,011264
850;0,0019;850;0,008192;850;0,011264
851;0,0018;851;0,008192;851;0,011264
852;0,0019;852;0,009216;852;0,044032
853;0,0018;853;0,008192;853;0,011264
854;0,0019;854;0,008192;854;0,011264
855;0,0029;855;0,041984;855;0,012288
856;0,0019;856;0,008192;856;0,012288
857;0,0019;857;0,009216;857;0,013312
858;0,0186;858;0,009216;858;0,011264
859;0,0024;859;0,008192;859;0,011264
860;0,0025;860;0,009216;860;0,013312
861;0,0018;861;0,009216;861;0,011264
862;0,0018;862;0,007168;862;0,014336
863;0,0022;863;0,009216;863;0,012288
864;0,0019;864;0,008192;864;0,011264
865;0,0019;865;0,009216;865;0,011264
866;0,0019;866;0,008192;866;0,011264
867;0,0019;867;0,007168;867;0,011264
868;0,0019;868;0,04096;868;0,012288
869;0,0019;869;0,007168;869;0,011264
870;0,0018;870;0,008192;870;0,011264
871;0,0019;871;0,078848;871;0,013312
872;0,0019;872;0,009216;872;0,011264
873;0,0018;873;0,008192;873;0,011264
874;0,0019;874;0,008192;874;0,012288
875;0,002;875;0,01024;875;0,012288
876;0,0018;876;0,008192;876;0,011264
877;0,0018;877;0,007168;877;0,012288
878;0,0018;878;0,008192;878;0,012288
879;0,0019;879;0,009216;879;0,011264
880;0,0019;880;0,008192;880;0,011264
881;0,0018;881;0,008192;881;0,011264
882;0,0019;882;0,009216;882;0,013312
883;0,0019;883;0,008192;883;0,011264
884;0,0019;884;0,008192;884;0,011264
885;0,0018;885;0,008192;885;0,012288
886;0,0025;886;0,041984;886;0,012288
887;0,0019;887;0,007168;887;0,011264
888;0,0019;888;0,007168;888;0,012256
889;0,0024;889;0,009216;889;0,012288
890;0,0024;890;0,008224;890;0,011264
891;0,0019;891;0,007168;891;0,011264
892;0,0028;892;0,008192;892;0,045056
893;0,0019;893;0,009216;893;0,010272
894;0,0024;894;0,008192;894;0,012288
895;0,002;895;0,01024;895;0,011264
896;0,0022;896;0,008192;896;0,011264
897;0,0018;897;0,011264;897;0,045088
898;0,002;898;0,008192;898;0,011264
899;0,0028;899;0,008192;899;0,011264
900;0,002;900;0,008192;900;0,024576
901;0,0019;901;0,009216;901;0,011264
902;0,0019;902;0,008192;902;0,04608
903;0,0019;903;0,009216;903;0,011264
904;0,0019;904;0,007168;904;0,011264
905;0,0019;905;0,008192;905;0,04608
906;0,0019;906;0,008192;906;0,011264
907;0,0019;907;0,007168;907;0,011264
908;0,002;908;0,008192;908;0,012288
909;0,0231;909;0,01024;909;0,012288
910;0,0019;910;0,007168;910;0,011296
911;0,002;911;0,008192;911;0,013312
912;0,0026;912;0,009216;912;0,012288
913;0,002;913;0,008192;913;0,011264
914;0,0019;914;0,008192;914;0,012256
915;0,0019;915;0,008192;915;0,012288
916;0,0033;916;0,01024;916;0,012288
917;0,0028;917;0,007168;917;0,011264
918;0,0031;918;0,041984;918;0,012288
919;0,0019;919;0,008192;919;0,011264
920;0,0019;920;0,007168;920;0,011264
921;0,002;921;0,070656;921;0,034816
922;0,002;922;0,01024;922;0,011264
923;0,002;923;0,007168;923;0,01024
924;0,002;924;0,008192;924;0,012288
925;0,0019;925;0,008192;925;0,013312
926;0,002;926;0,009216;926;0,012288
927;0,002;927;0,007168;927;0,01024
928;0,0019;928;0,008192;928;0,011264
929;0,0022;929;0,009216;929;0,045056
930;0,002;930;0,008192;930;0,011264
931;0,002;931;0,007168;931;0,011264
932;0,002;932;0,008192;932;0,012288
933;0,003;933;0,041984;933;0,012288
934;0,002;934;0,008192;934;0,011264
935;0,0027;935;0,007168;935;0,011296
936;0,0026;936;0,007168;936;0,023552
937;0,0026;937;0,01024;937;0,011264
938;0,002;938;0,008192;938;0,011264
939;0,004;939;0,007168;939;0,011264
940;0,0027;940;0,009184;940;0,013312
941;0,0019;941;0,008192;941;0,011264
942;0,0024;942;0,008192;942;0,012288
943;0,0019;943;0,01024;943;0,012288
944;0,0023;944;0,007168;944;0,011264
945;0,002;945;0,008192;945;0,012288
946;0,0024;946;0,01024;946;0,012288
947;0,002;947;0,007168;947;0,011264
948;0,0024;948;0,01024;948;0,013312
949;0,002;949;0,008192;949;0,011264
950;0,002;950;0,007168;950;0,011264
951;0,002;951;0,008192;951;0,012288
952;0,0032;952;0,043008;952;0,012288
953;0,0021;953;0,009216;953;0,011232
954;0,002;954;0,007168;954;0,011264
955;0,0021;955;0,007168;955;0,012288
956;0,0021;956;0,01024;956;0,012288
957;0,002;957;0,007168;957;0,01024
958;0,0021;958;0,007168;958;0,011264
959;0,0021;959;0,008192;959;0,011264
960;0,0027;960;0,009216;960;0,012288
961;0,0021;961;0,008192;961;0,011232
962;0,002;962;0,007168;962;0,011264
963;0,002;963;0,009216;963;0,013312
964;0,0022;964;0,009216;964;0,012288
965;0,0021;965;0,007168;965;0,011264
966;0,0021;966;0,008192;966;0,012288
967;0,002;967;0,041984;967;0,013312
968;0,0021;968;0,008192;968;0,011264
969;0,0021;969;0,008192;969;0,011264
970;0,0021;970;0,009216;970;0,012288
971;0,0029;971;0,01024;971;0,011264
972;0,002;972;0,008192;972;0,011264
973;0,0034;973;0,041984;973;0,012288
974;0,0021;974;0,009216;974;0,011264
975;0,0021;975;0,008192;975;0,011264
976;0,0058;976;0,01024;976;0,012288
977;0,002;977;0,008192;977;0,01024
978;0,0023;978;0,007168;978;0,011264
979;0,0024;979;0,041984;979;0,012288
980;0,0021;980;0,007168;980;0,011264
981;0,0026;981;0,008192;981;0,01536
982;0,0025;982;0,009216;982;0,012288
983;0,0021;983;0,007168;983;0,011264
984;0,0021;984;0,008192;984;0,03584
985;0,0021;985;0,009216;985;0,011264
986;0,0036;986;0,007168;986;0,011264
987;0,0021;987;0,007168;987;0,01328
988;0,0035;988;0,009216;988;0,012288
989;0,0021;989;0,007168;989;0,01024
990;0,0021;990;0,007168;990;0,021504
991;0,0021;991;0,009216;991;0,012288
992;0,0021;992;0,008192;992;0,011264
993;0,0021;993;0,007168;993;0,011264
994;0,0021;994;0,01024;994;0,04608
995;0,0021;995;0,008192;995;0,011296
996;0,0021;996;0,007168;996;0,011264
997;0,0021;997;0,008192;997;0,011264
998;0,002;998;0,008192;998;0,016384
999;0,002;999;0,009184;999;0,011264
1000;0,0021;1000;0,008192;1000;0,011264
1001;0,0021;1001;0,007168;1001;0,011264
1002;0,0021;1002;0,008192;1002;0,013312
1003;0,0023;1003;0,01024;1003;0,011264
1004;0,0021;1004;0,008192;1004;0,011264
1005;0,0021;1005;0,008192;1005;0,011264
1006;0,0021;1006;0,008192;1006;0,013312
1007;0,0021;1007;0,009216;1007;0,012288
1008;0,0021;1008;0,007168;1008;0,011264
1009;0,0021;1009;0,008192;1009;0,011264
1010;0,0021;1010;0,008192;1010;0,013312
1011;0,0021;1011;0,008192;1011;0,011264
1012;0,0021;1012;0,008192;1012;0,011264
1013;0,0021;1013;0,008192;1013;0,012288
1014;0,0021;1014;0,009216;1014;0,045056
1015;0,0021;1015;0,008192;1015;0,011264
1016;0,0021;1016;0,007168;1016;0,011264
1017;0,0022;1017;0,007168;1017;0,011264
1018;0,0023;1018;0,009216;1018;0,011264
1019;0,0021;1019;0,0072;1019;0,011264
1020;0,0022;1020;0,007168;1020;0,011264
1021;0,0035;1021;0,01024;1021;0,012288
1022;0,0021;1022;0,009216;1022;0,011264
1023;0,0022;1023;0,008192;1023;0,011264
1024;0,0036;1024;0,041984;1024;0,011264
1025;0,0021;1025;0,004096;1025;0,011264
1026;0,0022;1026;0,004096;1026;0,013312
1027;0,0021;1027;0,004096;1027;0,014336
1028;0,0042;1028;0,004096;1028;0,012288
1029;0,0052;1029;0,003072;1029;0,013312
1030;0,0021;1030;0,003104;1030;0,013312
1031;0,0022;1031;0,004096;1031;0,046048
1032;0,0022;1032;0,004096;1032;0,012288
1033;0,0032;1033;0,003072;1033;0,012288
1034;0,0033;1034;0,003072;1034;0,014336
1035;0,0022;1035;0,004096;1035;0,012288
1036;0,0028;1036;0,003072;1036;0,012288
1037;0,0024;1037;0,004096;1037;0,04608
1038;0,0022;1038;0,004096;1038;0,011264
1039;0,0021;1039;0,003072;1039;0,012288
1040;0,0022;1040;0,004096;1040;0,04608
1041;0,0022;1041;0,004096;1041;0,011264
1042;0,0022;1042;0,003072;1042;0,012288
1043;0,0022;1043;0,004096;1043;0,012288
1044;0,0022;1044;0,004096;1044;0,014304
1045;0,0022;1045;0,004096;1045;0,013312
1046;0,0022;1046;0,004096;1046;0,012288
1047;0,0021;1047;0,003072;1047;0,012288
1048;0,0031;1048;0,019456;1048;0,014336
1049;0,0022;1049;0,003072;1049;0,011264
1050;0,0022;1050;0,003072;1050;0,012288
1051;0,0022;1051;0,003072;1051;0,012288
1052;0,0022;1052;0,003072;1052;0,013312
1053;0,0022;1053;0,004096;1053;0,012288
1054;0,0023;1054;0,004096;1054;0,012288
1055;0,0022;1055;0,004096;1055;0,012288
1056;0,0022;1056;0,003072;1056;0,014336
1057;0,0023;1057;0,003072;1057;0,012288
1058;0,0022;1058;0,004096;1058;0,013312
1059;0,0032;1059;0,019456;1059;0,013312
1060;0,0028;1060;0,003072;1060;0,012256
1061;0,0023;1061;0,003072;1061;0,012288
1062;0,0043;1062;0,004096;1062;0,014336
1063;0,0022;1063;0,003072;1063;0,012288
1064;0,0022;1064;0,003072;1064;0,027648
1065;0,0027;1065;0,003072;1065;0,014336
1066;0,0029;1066;0,004096;1066;0,011264
1067;0,003;1067;0,00512;1067;0,013312
1068;0,0022;1068;0,004096;1068;0,012288
1069;0,003;1069;0,004096;1069;0,012288
1070;0,0025;1070;0,004096;1070;0,014336
1071;0,0029;1071;0,004096;1071;0,012288
1072;0,0023;1072;0,007168;1072;0,013312
1073;0,0041;1073;0,003072;1073;0,011264
1074;0,0023;1074;0,00512;1074;0,014336
1075;0,0023;1075;0,004096;1075;0,012288
1076;0,0023;1076;0,004064;1076;0,012288
1077;0,0035;1077;0,003072;1077;0,013312
1078;0,0023;1078;0,004096;1078;0,011264
1079;0,0022;1079;0,003072;1079;0,012288
1080;0,0029;1080;0,004096;1080;0,014336
1081;0,0023;1081;0,003072;1081;0,012288
1082;0,0023;1082;0,004096;1082;0,011264
1083;0,0029;1083;0,004096;1083;0,012288
1084;0,0035;1084;0,004096;1084;0,04608
1085;0,0023;1085;0,003072;1085;0,012288
1086;0,0119;1086;0,003072;1086;0,012288
1087;0,0022;1087;0,004064;1087;0,047104
1088;0,0031;1088;0,003072;1088;0,012288
1089;0,0024;1089;0,003072;1089;0,012288
1090;0,0023;1090;0,004096;1090;0,013312
1091;0,0023;1091;0,004096;1091;0,013312
1092;0,0023;1092;0,004096;1092;0,012288
1093;0,0022;1093;0,003072;1093;0,032768
1094;0,0022;1094;0,004096;1094;0,014336
1095;0,0025;1095;0,004096;1095;0,013312
1096;0,0023;1096;0,003072;1096;0,012288
1097;0,0023;1097;0,003072;1097;0,012288
1098;0,0023;1098;0,004096;1098;0,012288
1099;0,003;1099;0,003072;1099;0,014336
1100;0,0023;1100;0,003072;1100;0,012288
1101;0,0023;1101;0,003072;1101;0,012288
1102;0,0023;1102;0,003072;1102;0,013312
1103;0,0037;1103;0,019456;1103;0,013312
1104;0,0023;1104;0,003072;1104;0,012288
1105;0,0023;1105;0,003072;1105;0,011264
1106;0,0024;1106;0,004096;1106;0,012288
1107;0,0023;1107;0,003072;1107;0,013312
1108;0,0024;1108;0,004096;1108;0,012288
1109;0,0023;1109;0,004096;1109;0,012288
1110;0,0023;1110;0,003072;1110;0,014336
1111;0,0023;1111;0,003072;1111;0,012288
1112;0,0028;1112;0,003072;1112;0,012288
1113;0,0043;1113;0,006144;1113;0,014336
1114;0,0023;1114;0,003072;1114;0,011264
1115;0,0024;1115;0,003072;1115;0,013312
1116;0,0023;1116;0,004096;1116;0,013312
1117;0,0045;1117;0,003072;1117;0,011264
1118;0,0038;1118;0,02048;1118;0,014336
1119;0,0024;1119;0,003072;1119;0,012288
1120;0,0023;1120;0,004096;1120;0,01536
1121;0,0037;1121;0,004096;1121;0,014336
1122;0,0039;1122;0,003072;1122;0,012288
1123;0,0035;1123;0,003072;1123;0,013312
1124;0,0024;1124;0,004096;1124;0,011264
1125;0,0024;1125;0,003072;1125;0,012288
1126;0,0028;1126;0,019456;1126;0,014336
1127;0,0024;1127;0,003072;1127;0,012288
1128;0,0024;1128;0,003072;1128;0,011264
1129;0,0024;1129;0,003072;1129;0,01536
1130;0,0024;1130;0,004096;1130;0,014336
1131;0,0024;1131;0,003072;1131;0,011264
1132;0,0024;1132;0,004096;1132;0,012288
1133;0,0023;1133;0,004096;1133;0,014304
1134;0,0024;1134;0,003072;1134;0,012288
1135;0,0035;1135;0,003072;1135;0,011264
1136;0,0024;1136;0,003072;1136;0,012288
1137;0,0032;1137;0,02048;1137;0,013312
1138;0,0024;1138;0,004096;1138;0,012288
1139;0,0024;1139;0,003072;1139;0,012288
1140;0,0023;1140;0,004096;1140;0,014336
1141;0,0025;1141;0,004096;1141;0,013312
1142;0,0024;1142;0,003072;1142;0,012288
1143;0,0024;1143;0,004096;1143;0,012288
1144;0,003;1144;0,003072;1144;0,013312
1145;0,0024;1145;0,004096;1145;0,013312
1146;0,0024;1146;0,004096;1146;0,011264
1147;0,0024;1147;0,004096;1147;0,011264
1148;0,0024;1148;0,004096;1148;0,013312
1149;0,0034;1149;0,003072;1149;0,013312
1150;0,0024;1150;0,003072;1150;0,012288
1151;0,0024;1151;0,004096;1151;0,011264
1152;0,0033;1152;0,004096;1152;0,014336
1153;0,0024;1153;0,003072;1153;0,011264
1154;0,0025;1154;0,003072;1154;0,012288
1155;0,0024;1155;0,004096;1155;0,014336
1156;0,0023;1156;0,004096;1156;0,012288
1157;0,0032;1157;0,003072;1157;0,012288
1158;0,0033;1158;0,003072;1158;0,014336
1159;0,0024;1159;0,004096;1159;0,012288
1160;0,0024;1160;0,003072;1160;0,021504
1161;0,0031;1161;0,003072;1161;0,012288
1162;0,0035;1162;0,004096;1162;0,012288
1163;0,0037;1163;0,004096;1163;0,026624
1164;0,0025;1164;0,003104;1164;0,013312
1165;0,0037;1165;0,004096;1165;0,012288
1166;0,0039;1166;0,003072;1166;0,014336
1167;0,0038;1167;0,004096;1167;0,012288
1168;0,0033;1168;0,004096;1168;0,013312
1169;0,0024;1169;0,004096;1169;0,013312
1170;0,0129;1170;0,004096;1170;0,012288
1171;0,0024;1171;0,003072;1171;0,013312
1172;0,0031;1172;0,004096;1172;0,014336
1173;0,0031;1173;0,004096;1173;0,012288
1174;0,02;1174;0,004096;1174;0,04608
1175;0,0046;1175;0,003104;1175;0,012288
1176;0,0036;1176;0,004096;1176;0,012288
1177;0,0025;1177;0,004096;1177;0,011264
1178;0,0033;1178;0,003072;1178;0,013312
1179;0,0025;1179;0,003072;1179;0,012288
1180;0,0025;1180;0,004096;1180;0,011264
1181;0,0025;1181;0,004096;1181;0,0256
1182;0,0025;1182;0,003072;1182;0,013312
1183;0,0025;1183;0,003072;1183;0,012288
1184;0,0025;1184;0,003072;1184;0,012288
1185;0,0025;1185;0,004096;1185;0,047104
1186;0,0025;1186;0,003072;1186;0,012288
1187;0,0024;1187;0,004096;1187;0,012288
1188;0,0025;1188;0,004096;1188;0,012288
1189;0,0025;1189;0,004096;1189;0,01232
1190;0,0026;1190;0,004096;1190;0,014336
1191;0,0025;1191;0,004096;1191;0,012288
1192;0,0025;1192;0,003072;1192;0,012288
1193;0,0025;1193;0,003072;1193;0,01232
1194;0,0025;1194;0,004096;1194;0,013312
1195;0,0032;1195;0,003072;1195;0,011264
1196;0,0025;1196;0,004064;1196;0,012288
1197;0,0025;1197;0,003072;1197;0,012288
1198;0,0034;1198;0,02048;1198;0,014336
1199;0,0024;1199;0,004096;1199;0,012288
1200;0,0026;1200;0,004096;1200;0,011264
1201;0,0044;1201;0,003072;1201;0,045056
1202;0,0025;1202;0,003072;1202;0,012288
1203;0,0025;1203;0,003072;1203;0,011264
1204;0,0026;1204;0,004096;1204;0,024576
1205;0,0025;1205;0,003072;1205;0,013312
1206;0,0025;1206;0,003072;1206;0,012288
1207;0,0035;1207;0,004096;1207;0,014336
1208;0,0033;1208;0,003072;1208;0,012288
1209;0,0025;1209;0,004096;1209;0,011264
1210;0,0025;1210;0,004096;1210;0,014336
1211;0,0026;1211;0,003072;1211;0,012288
1212;0,0026;1212;0,004096;1212;0,012288
1213;0,0033;1213;0,004096;1213;0,013312
1214;0,0026;1214;0,004096;1214;0,012288
1215;0,0039;1215;0,004096;1215;0,013312
1216;0,0033;1216;0,003072;1216;0,011264
1217;0,0026;1217;0,003072;1217;0,01536
1218;0,0032;1218;0,004096;1218;0,013312
1219;0,0025;1219;0,004096;1219;0,012288
1220;0,0026;1220;0,004096;1220;0,013312
1221;0,0034;1221;0,004096;1221;0,013312
1222;0,0026;1222;0,004096;1222;0,011264
1223;0,0026;1223;0,003072;1223;0,012288
1224;0,0042;1224;0,004096;1224;0,047104
1225;0,0025;1225;0,003072;1225;0,012288
1226;0,0025;1226;0,003072;1226;0,012288
1227;0,0025;1227;0,003072;1227;0,012288
1228;0,0025;1228;0,004096;1228;0,013312
1229;0,0027;1229;0,003072;1229;0,013312
1230;0,0026;1230;0,003072;1230;0,012288
1231;0,0026;1231;0,003072;1231;0,012288
1232;0,0026;1232;0,004096;1232;0,012288
1233;0,0027;1233;0,003072;1233;0,013312
1234;0,0026;1234;0,003072;1234;0,012288
1235;0,0026;1235;0,004096;1235;0,012288
1236;0,0145;1236;0,003072;1236;0,013312
1237;0,0026;1237;0,004096;1237;0,012256
1238;0,0026;1238;0,003072;1238;0,012288
1239;0,0026;1239;0,003072;1239;0,012288
1240;0,0026;1240;0,004096;1240;0,014336
1241;0,0026;1241;0,003072;1241;0,013312
1242;0,0026;1242;0,003104;1242;0,012288
1243;0,0026;1243;0,003072;1243;0,012288
1244;0,0027;1244;0,004096;1244;0,014336
1245;0,0026;1245;0,004096;1245;0,012288
1246;0,0027;1246;0,003072;1246;0,012288
1247;0,0048;1247;0,004096;1247;0,04608
1248;0,0026;1248;0,004096;1248;0,012288
1249;0,0026;1249;0,003104;1249;0,011264
1250;0,0026;1250;0,003072;1250;0,013312
1251;0,0027;1251;0,003104;1251;0,012288
1252;0,0026;1252;0,004096;1252;0,012288
1253;0,0026;1253;0,004096;1253;0,014336
1254;0,0028;1254;0,004096;1254;0,013312
1255;0,0026;1255;0,004096;1255;0,013312
1256;0,0035;1256;0,004096;1256;0,014336
1257;0,0041;1257;0,003072;1257;0,012288
1258;0,0027;1258;0,003072;1258;0,012288
1259;0,0035;1259;0,003072;1259;0,013312
1260;0,0026;1260;0,003072;1260;0,012288
1261;0,0036;1261;0,003072;1261;0,013312
1262;0,0035;1262;0,004096;1262;0,012288
1263;0,0026;1263;0,004096;1263;0,012288
1264;0,0026;1264;0,003072;1264;0,014336
1265;0,0026;1265;0,003072;1265;0,012288
1266;0,0026;1266;0,004064;1266;0,012288
1267;0,0027;1267;0,004096;1267;0,012288
1268;0,0027;1268;0,003072;1268;0,013312
1269;0,0026;1269;0,004096;1269;0,011264
1270;0,0026;1270;0,003072;1270;0,012288
1271;0,0032;1271;0,004096;1271;0,013312
1272;0,0026;1272;0,003072;1272;0,011264
1273;0,0026;1273;0,00512;1273;0,011264
1274;0,0027;1274;0,003104;1274;0,012288
1275;0,0027;1275;0,003072;1275;0,013312
1276;0,0026;1276;0,003072;1276;0,011264
1277;0,0027;1277;0,004096;1277;0,011264
1278;0,0026;1278;0,00512;1278;0,044032
1279;0,0027;1279;0,004096;1279;0,011264
1280;0,0027;1280;0,003072;1280;0,012288
1281;0,0026;1281;0,003072;1281;0,012288
1282;0,0034;1282;0,00512;1282;0,014336
1283;0,0026;1283;0,003072;1283;0,012288
1284;0,0035;1284;0,004096;1284;0,012288
1285;0,0027;1285;0,003072;1285;0,014336
1286;0,0027;1286;0,003072;1286;0,012288
1287;0,0027;1287;0,003072;1287;0,011264
1288;0,0027;1288;0,004096;1288;0,013312
1289;0,0028;1289;0,004096;1289;0,011264
1290;0,0027;1290;0,004096;1290;0,012288
1291;0,0039;1291;0,003072;1291;0,013312
1292;0,0027;1292;0,003104;1292;0,012288
1293;0,004;1293;0,003072;1293;0,014336
1294;0,0027;1294;0,003072;1294;0,012288
1295;0,0033;1295;0,003072;1295;0,014336
1296;0,0027;1296;0,003072;1296;0,011264
1297;0,0027;1297;0,004096;1297;0,032768
1298;0,004;1298;0,004096;1298;0,013312
1299;0,0027;1299;0,003072;1299;0,011264
1300;0,0027;1300;0,003072;1300;0,012288
1301;0,0039;1301;0,003072;1301;0,014336
1302;0,0027;1302;0,003072;1302;0,011296
1303;0,0037;1303;0,02048;1303;0,014336
1304;0,0027;1304;0,003072;1304;0,012288
1305;0,0027;1305;0,003072;1305;0,011264
1306;0,0033;1306;0,019456;1306;0,014336
1307;0,0035;1307;0,003072;1307;0,012288
1308;0,0027;1308;0,004096;1308;0,016384
1309;0,0028;1309;0,004096;1309;0,018432
1310;0,0027;1310;0,004096;1310;0,016384
1311;0,0027;1311;0,004096;1311;0,016384
1312;0,0036;1312;0,006144;1312;0,018432
1313;0,0027;1313;0,004096;1313;0,016384
1314;0,0028;1314;0,004096;1314;0,016384
1315;0,0027;1315;0,004096;1315;0,016384
1316;0,0033;1316;0,02048;1316;0,018432
1317;0,0027;1317;0,003072;1317;0,016384
1318;0,0028;1318;0,00512;1318;0,017408
1319;0,0028;1319;0,019456;1319;0,018432
1320;0,0027;1320;0,003072;1320;0,016384
1321;0,0028;1321;0,004096;1321;0,016384
1322;0,0027;1322;0,004096;1322;0,016384
1323;0,0047;1323;0,02048;1323;0,018432
1324;0,0028;1324;0,004096;1324;0,015392
1325;0,0034;1325;0,004096;1325;0,016384
1326;0,0027;1326;0,004096;1326;0,018432
1327;0,0034;1327;0,004096;1327;0,016384
1328;0,0028;1328;0,004096;1328;0,016384
1329;0,0028;1329;0,004096;1329;0,018464
1330;0,013;1330;0,004096;1330;0,016384
1331;0,0028;1331;0,003072;1331;0,016384
1332;0,003;1332;0,004096;1332;0,018432
1333;0,0028;1333;0,004096;1333;0,016384
1334;0,0028;1334;0,003072;1334;0,018432
1335;0,0036;1335;0,004096;1335;0,016384
1336;0,0028;1336;0,003072;1336;0,052224
1337;0,0028;1337;0,003072;1337;0,016384
1338;0,0028;1338;0,003072;1338;0,01536
1339;0,0038;1339;0,01536;1339;0,018432
1340;0,0028;1340;0,004096;1340;0,016384
1341;0,0028;1341;0,003072;1341;0,017408
1342;0,0042;1342;0,004096;1342;0,018432
1343;0,0029;1343;0,003072;1343;0,01536
1344;0,0028;1344;0,004096;1344;0,016384
1345;0,0028;1345;0,004096;1345;0,017408
1346;0,0036;1346;0,004096;1346;0,017408
1347;0,0028;1347;0,004096;1347;0,016384
1348;0,0028;1348;0,004096;1348;0,01536
1349;0,0028;1349;0,004096;1349;0,016384
1350;0,003;1350;0,004096;1350;0,017408
1351;0,0028;1351;0,004096;1351;0,016384
1352;0,0035;1352;0,004096;1352;0,016384
1353;0,0028;1353;0,004096;1353;0,050176
1354;0,0027;1354;0,004096;1354;0,01536
1355;0,0041;1355;0,004096;1355;0,016384
1356;0,0028;1356;0,004096;1356;0,016384
1357;0,0028;1357;0,004096;1357;0,018432
1358;0,0029;1358;0,004096;1358;0,017408
1359;0,0028;1359;0,003072;1359;0,016384
1360;0,0029;1360;0,004096;1360;0,016384
1361;0,0039;1361;0,006144;1361;0,019456
1362;0,0033;1362;0,004096;1362;0,016384
1363;0,0029;1363;0,004096;1363;0,016384
1364;0,0028;1364;0,004096;1364;0,016384
1365;0,0029;1365;0,00512;1365;0,018432
1366;0,0029;1366;0,004096;1366;0,01536
1367;0,0028;1367;0,004096;1367;0,016384
1368;0,0029;1368;0,004096;1368;0,018432
1369;0,003;1369;0,004096;1369;0,016384
1370;0,0029;1370;0,004096;1370;0,016384
1371;0,0031;1371;0,004096;1371;0,018432
1372;0,0028;1372;0,004096;1372;0,01536
1373;0,0029;1373;0,004096;1373;0,017408
1374;0,0028;1374;0,004096;1374;0,018432
1375;0,0029;1375;0,004096;1375;0,01536
1376;0,0032;1376;0,004096;1376;0,018432
1377;0,0029;1377;0,003072;1377;0,01536
1378;0,0038;1378;0,004096;1378;0,018432
1379;0,0029;1379;0,004096;1379;0,016384
1380;0,0029;1380;0,00512;1380;0,018432
1381;0,0029;1381;0,004096;1381;0,016384
1382;0,0037;1382;0,004096;1382;0,016384
1383;0,0048;1383;0,004096;1383;0,018432
1384;0,0028;1384;0,004096;1384;0,016384
1385;0,0029;1385;0,003072;1385;0,018432
1386;0,0028;1386;0,004096;1386;0,017408
1387;0,0029;1387;0,004096;1387;0,016384
1388;0,0029;1388;0,004096;1388;0,016384
1389;0,0029;1389;0,004096;1389;0,018432
1390;0,0029;1390;0,004096;1390;0,016384
1391;0,0029;1391;0,003072;1391;0,016384
1392;0,0028;1392;0,004096;1392;0,018432
1393;0,0029;1393;0,004096;1393;0,018432
1394;0,003;1394;0,004096;1394;0,016384
1395;0,0029;1395;0,003072;1395;0,016384
1396;0,0029;1396;0,004096;1396;0,016384
1397;0,0034;1397;0,02048;1397;0,018432
1398;0,0041;1398;0,003072;1398;0,016384
1399;0,0036;1399;0,004096;1399;0,016384
1400;0,0039;1400;0,004096;1400;0,018432
1401;0,0125;1401;0,004096;1401;0,016384
1402;0,0029;1402;0,004096;1402;0,01536
1403;0,0029;1403;0,004096;1403;0,016384
1404;0,0029;1404;0,004096;1404;0,050176
1405;0,003;1405;0,004096;1405;0,015392
1406;0,0029;1406;0,004096;1406;0,016384
1407;0,0029;1407;0,004096;1407;0,017408
1408;0,0038;1408;0,02048;1408;0,018432
1409;0,003;1409;0,004096;1409;0,01536
1410;0,0029;1410;0,003072;1410;0,016384
1411;0,003;1411;0,004096;1411;0,017408
1412;0,0037;1412;0,004096;1412;0,018432
1413;0,003;1413;0,004096;1413;0,016384
1414;0,0029;1414;0,004096;1414;0,016384
1415;0,0029;1415;0,00512;1415;0,0512
1416;0,0029;1416;0,003072;1416;0,01536
1417;0,003;1417;0,003072;1417;0,016384
1418;0,0029;1418;0,004096;1418;0,018432
1419;0,0029;1419;0,004096;1419;0,016384
1420;0,0029;1420;0,003072;1420;0,016384
1421;0,0212;1421;0,005088;1421;0,018432
1422;0,003;1422;0,004096;1422;0,016384
1423;0,003;1423;0,003072;1423;0,016384
1424;0,0041;1424;0,02048;1424;0,017408
1425;0,0029;1425;0,004096;1425;0,01536
1426;0,0042;1426;0,004096;1426;0,017408
1427;0,0047;1427;0,004096;1427;0,018432
1428;0,003;1428;0,004096;1428;0,017408
1429;0,0031;1429;0,004096;1429;0,018432
1430;0,0029;1430;0,004096;1430;0,016384
1431;0,0038;1431;0,02048;1431;0,018432
1432;0,003;1432;0,003072;1432;0,016384
1433;0,003;1433;0,004096;1433;0,01536
1434;0,0032;1434;0,019456;1434;0,018432
1435;0,003;1435;0,004096;1435;0,016384
1436;0,003;1436;0,004096;1436;0,016384
1437;0,003;1437;0,004096;1437;0,016384
1438;0,0042;1438;0,004096;1438;0,018432
1439;0,0038;1439;0,004096;1439;0,016384
1440;0,0029;1440;0,004096;1440;0,017408
1441;0,0032;1441;0,004096;1441;0,017408
1442;0,003;1442;0,004096;1442;0,016384
1443;0,003;1443;0,004096;1443;0,016384
1444;0,003;1444;0,004096;1444;0,016384
1445;0,0032;1445;0,02048;1445;0,019456
1446;0,0029;1446;0,004096;1446;0,016384
1447;0,003;1447;0,004096;1447;0,016384
1448;0,003;1448;0,00512;1448;0,018432
1449;0,003;1449;0,003104;1449;0,015392
1450;0,003;1450;0,003072;1450;0,01536
1451;0,003;1451;0,005088;1451;0,016384
1452;0,003;1452;0,004096;1452;0,018432
1453;0,0031;1453;0,004096;1453;0,016384
1454;0,003;1454;0,004096;1454;0,016384
1455;0,0031;1455;0,004096;1455;0,018432
1456;0,0039;1456;0,004096;1456;0,018432
1457;0,003;1457;0,004096;1457;0,016384
1458;0,003;1458;0,004096;1458;0,039936
1459;0,0039;1459;0,00512;1459;0,018432
1460;0,003;1460;0,004096;1460;0,016384
1461;0,0031;1461;0,004096;1461;0,018432
1462;0,003;1462;0,004096;1462;0,017408
1463;0,003;1463;0,004096;1463;0,016384
1464;0,003;1464;0,004096;1464;0,028672
1465;0,003;1465;0,004096;1465;0,017408
1466;0,003;1466;0,00512;1466;0,016384
1467;0,0031;1467;0,00512;1467;0,018432
1468;0,003;1468;0,004096;1468;0,016384
1469;0,0039;1469;0,003104;1469;0,018432
1470;0,0031;1470;0,004096;1470;0,017408
1471;0,0032;1471;0,004096;1471;0,01536
1472;0,003;1472;0,007168;1472;0,0512
1473;0,003;1473;0,004096;1473;0,016416
1474;0,0031;1474;0,004096;1474;0,017408
1475;0,004;1475;0,006144;1475;0,018432
1476;0,0031;1476;0,004096;1476;0,01536
1477;0,003;1477;0,004096;1477;0,016384
1478;0,0031;1478;0,003072;1478;0,017408
1479;0,0054;1479;0,004096;1479;0,018432
1480;0,0031;1480;0,004096;1480;0,016384
1481;0,003;1481;0,004096;1481;0,016384
1482;0,0041;1482;0,019456;1482;0,018432
1483;0,003;1483;0,004096;1483;0,016384
1484;0,003;1484;0,004096;1484;0,016384
1485;0,0031;1485;0,004096;1485;0,016384
1486;0,0038;1486;0,02048;1486;0,018432
1487;0,0031;1487;0,003072;1487;0,016384
1488;0,0031;1488;0,003072;1488;0,016384
1489;0,0031;1489;0,004096;1489;0,017408
1490;0,0032;1490;0,004096;1490;0,018432
1491;0,003;1491;0,004096;1491;0,016352
1492;0,0031;1492;0,004096;1492;0,016384
1493;0,003;1493;0,004096;1493;0,017408
1494;0,0031;1494;0,004096;1494;0,01536
1495;0,0032;1495;0,004096;1495;0,016384
1496;0,0031;1496;0,00512;1496;0,018432
1497;0,0031;1497;0,004096;1497;0,01536
1498;0,0031;1498;0,004096;1498;0,016384
1499;0,0031;1499;0,004096;1499;0,050176
1500;0,0033;1500;0,00512;1500;0,016384
1501;0,0033;1501;0,004096;1501;0,017408
1502;0,0039;1502;0,003104;1502;0,018432
1503;0,0032;1503;0,004096;1503;0,01536
1504;0,0054;1504;0,004096;1504;0,018432
1505;0,0031;1505;0,003072;1505;0,016384
1506;0,0032;1506;0,004096;1506;0,016384
1507;0,0048;1507;0,007168;1507;0,018432
1508;0,0038;1508;0,004096;1508;0,016384
1509;0,0043;1509;0,019456;1509;0,017408
1510;0,0031;1510;0,004096;1510;0,01536
1511;0,0031;1511;0,004096;1511;0,019456
1512;0,0032;1512;0,004096;1512;0,016384
1513;0,0031;1513;0,003072;1513;0,016384
1514;0,0035;1514;0,019456;1514;0,017408
1515;0,0031;1515;0,004096;1515;0,016384
1516;0,0032;1516;0,004096;1516;0,016384
1517;0,0032;1517;0,004096;1517;0,017408
1518;0,0033;1518;0,007168;1518;0,018432
1519;0,0031;1519;0,004096;1519;0,016384
1520;0,0032;1520;0,004096;1520;0,017408
1521;0,0031;1521;0,004096;1521;0,018432
1522;0,0032;1522;0,004096;1522;0,01536
1523;0,0032;1523;0,004096;1523;0,017408
1524;0,0031;1524;0,004096;1524;0,04096
1525;0,0032;1525;0,004096;1525;0,017408
1526;0,0032;1526;0,004096;1526;0,01536
1527;0,0032;1527;0,004096;1527;0,016384
1528;0,0038;1528;0,02048;1528;0,018432
1529;0,0032;1529;0,004096;1529;0,016384
1530;0,0031;1530;0,003072;1530;0,016384
1531;0,0032;1531;0,004096;1531;0,016384
1532;0,0039;1532;0,004096;1532;0,017408
1533;0,0031;1533;0,004096;1533;0,01536
1534;0,0032;1534;0,003072;1534;0,016384
1535;0,0032;1535;0,004096;1535;0,017408
1536;0,0032;1536;0,004096;1536;0,017408
1537;0,0032;1537;0,003072;1537;0,016384
1538;0,0033;1538;0,004096;1538;0,016384
1539;0,0031;1539;0,004096;1539;0,019456
1540;0,0032;1540;0,004096;1540;0,017408
1541;0,0031;1541;0,004096;1541;0,016384
1542;0,0037;1542;0,004096;1542;0,019456
1543;0,0031;1543;0,003072;1543;0,017408
1544;0,0031;1544;0,004096;1544;0,045056
1545;0,0031;1545;0,004096;1545;0,016384
1546;0,0032;1546;0,004096;1546;0,016384
1547;0,004;1547;0,004096;1547;0,019456
1548;0,0032;1548;0,004096;1548;0,017408
1549;0,0032;1549;0,00512;1549;0,018432
1550;0,0032;1550;0,004096;1550;0,018432
1551;0,0032;1551;0,004096;1551;0,017408
1552;0,0034;1552;0,004096;1552;0,019456
1553;0,0032;1553;0,004096;1553;0,017408
1554;0,0039;1554;0,004096;1554;0,018432
1555;0,0041;1555;0,004096;1555;0,016384
1556;0,0032;1556;0,004096;1556;0,02048
1557;0,0033;1557;0,004096;1557;0,016384
1558;0,0032;1558;0,003072;1558;0,016384
1559;0,0039;1559;0,004096;1559;0,0512
1560;0,0033;1560;0,003072;1560;0,016384
1561;0,0032;1561;0,004096;1561;0,016384
1562;0,0033;1562;0,004096;1562;0,018432
1563;0,0032;1563;0,004096;1563;0,0512
1564;0,0032;1564;0,004096;1564;0,016384
1565;0,0032;1565;0,003072;1565;0,016384
1566;0,0032;1566;0,004096;1566;0,017408
1567;0,0043;1567;0,019456;1567;0,018432
1568;0,0032;1568;0,004096;1568;0,017408
1569;0,0032;1569;0,004096;1569;0,016384
1570;0,0033;1570;0,004096;1570;0,017408
1571;0,004;1571;0,004096;1571;0,019456
1572;0,0038;1572;0,004096;1572;0,016384
1573;0,0032;1573;0,004096;1573;0,018432
1574;0,0043;1574;0,004096;1574;0,018432
1575;0,0033;1575;0,004096;1575;0,016384
1576;0,0033;1576;0,004096;1576;0,017408
1577;0,0032;1577;0,004096;1577;0,018432
1578;0,0047;1578;0,004096;1578;0,017408
1579;0,0039;1579;0,006144;1579;0,018432
1580;0,0041;1580;0,004096;1580;0,016384
1581;0,0033;1581;0,003072;1581;0,018432
1582;0,0033;1582;0,004096;1582;0,018432
1583;0,0032;1583;0,003072;1583;0,016384
1584;0,0033;1584;0,004096;1584;0,0512
1585;0,0033;1585;0,004096;1585;0,016384
1586;0,0041;1586;0,00512;1586;0,018432
1587;0,0033;1587;0,004096;1587;0,018432
1588;0,0041;1588;0,004096;1588;0,016384
1589;0,0043;1589;0,004096;1589;0,018432
1590;0,0033;1590;0,004096;1590;0,016384
1591;0,004;1591;0,004096;1591;0,019456
1592;0,0033;1592;0,004096;1592;0,019456
1593;0,0033;1593;0,004096;1593;0,016384
1594;0,0033;1594;0,003072;1594;0,016384
1595;0,0044;1595;0,004096;1595;0,018432
1596;0,0033;1596;0,004096;1596;0,016384
1597;0,0033;1597;0,004096;1597;0,016384
1598;0,0033;1598;0,00512;1598;0,0512
1599;0,0033;1599;0,004096;1599;0,016384
1600;0,0033;1600;0,003072;1600;0,016384
1601;0,0033;1601;0,004096;1601;0,017408
1602;0,0033;1602;0,004096;1602;0,050176
1603;0,0047;1603;0,004096;1603;0,016384
1604;0,0033;1604;0,004096;1604;0,016384
1605;0,0033;1605;0,004096;1605;0,017408
1606;0,0196;1606;0,019456;1606;0,019456
1607;0,0033;1607;0,004096;1607;0,016384
1608;0,0034;1608;0,004096;1608;0,016384
1609;0,0033;1609;0,004096;1609;0,01744
1610;0,0058;1610;0,02048;1610;0,019456
1611;0,0033;1611;0,004096;1611;0,016384
1612;0,0033;1612;0,004096;1612;0,016384
1613;0,0033;1613;0,004096;1613;0,017408
1614;0,0034;1614;0,004096;1614;0,018432
1615;0,0034;1615;0,004096;1615;0,016384
1616;0,0033;1616;0,004096;1616;0,018432
1617;0,0035;1617;0,004096;1617;0,019456
1618;0,0033;1618;0,004096;1618;0,016384
1619;0,0034;1619;0,004096;1619;0,019456
1620;0,0129;1620;0,004096;1620;0,016384
1621;0,0034;1621;0,004096;1621;0,016384
1622;0,0244;1622;0,004096;1622;0,018432
1623;0,0034;1623;0,004096;1623;0,016384
1624;0,0062;1624;0,00512;1624;0,018432
1625;0,0034;1625;0,004096;1625;0,016384
1626;0,0034;1626;0,004096;1626;0,018432
1627;0,0036;1627;0,004096;1627;0,018432
1628;0,0034;1628;0,003072;1628;0,016384
1629;0,0045;1629;0,006144;1629;0,019456
1630;0,0034;1630;0,004096;1630;0,016384
1631;0,0034;1631;0,004096;1631;0,017408
1632;0,0037;1632;0,004096;1632;0,018432
1633;0,0054;1633;0,004096;1633;0,016384
1634;0,0034;1634;0,003072;1634;0,016384
1635;0,0046;1635;0,004096;1635;0,018432
1636;0,0034;1636;0,004096;1636;0,017408
1637;0,0034;1637;0,00512;1637;0,017408
1638;0,0035;1638;0,003104;1638;0,018432
1639;0,0034;1639;0,004096;1639;0,016384
1640;0,0033;1640;0,004096;1640;0,016384
1641;0,0034;1641;0,003072;1641;0,017408
1642;0,0034;1642;0,004096;1642;0,018432
1643;0,0034;1643;0,004096;1643;0,016384
1644;0,0033;1644;0,00512;1644;0,017408
1645;0,0035;1645;0,01744;1645;0,018432
1646;0,0036;1646;0,004096;1646;0,017408
1647;0,0034;1647;0,004096;1647;0,016384
1648;0,0034;1648;0,004096;1648;0,021504
1649;0,0043;1649;0,004096;1649;0,018432
1650;0,0034;1650;0,004096;1650;0,016384
1651;0,0035;1651;0,004096;1651;0,016384
1652;0,0034;1652;0,006144;1652;0,050176
1653;0,0034;1653;0,004096;1653;0,016384
1654;0,0034;1654;0,004096;1654;0,017408
1655;0,0034;1655;0,004096;1655;0,018432
1656;0,0035;1656;0,004096;1656;0,018432
1657;0,0034;1657;0,004096;1657;0,01536
1658;0,0034;1658;0,004096;1658;0,0512
1659;0,0041;1659;0,003072;1659;0,01536
1660;0,0034;1660;0,004096;1660;0,016384
1661;0,0041;1661;0,004096;1661;0,018432
1662;0,0034;1662;0,004096;1662;0,016384
1663;0,0035;1663;0,004096;1663;0,036864
1664;0,0034;1664;0,004096;1664;0,016384
1665;0,0034;1665;0,004096;1665;0,01536
1666;0,0047;1666;0,004096;1666;0,019456
1667;0,0034;1667;0,004096;1667;0,016384
1668;0,0048;1668;0,004096;1668;0,018432
1669;0,0035;1669;0,004096;1669;0,017408
1670;0,0043;1670;0,00512;1670;0,019456
1671;0,0034;1671;0,004096;1671;0,016384
1672;0,0034;1672;0,004096;1672;0,017408
1673;0,0043;1673;0,004096;1673;0,019456
1674;0,0034;1674;0,003072;1674;0,017408
1675;0,013;1675;0,004096;1675;0,016384
1676;0,0037;1676;0,02048;1676;0,019456
1677;0,0034;1677;0,004096;1677;0,017408
1678;0,0042;1678;0,003072;1678;0,017408
1679;0,0034;1679;0,003072;1679;0,017408
1680;0,0042;1680;0,00512;1680;0,018432
1681;0,0035;1681;0,004096;1681;0,017408
1682;0,0035;1682;0,004096;1682;0,016384
1683;0,0035;1683;0,004096;1683;0,017408
1684;0,0051;1684;0,019456;1684;0,018432
1685;0,0034;1685;0,004096;1685;0,016384
1686;0,012;1686;0,004096;1686;0,017408
1687;0,0048;1687;0,004096;1687;0,019456
1688;0,0035;1688;0,004096;1688;0,016384
1689;0,0035;1689;0,004096;1689;0,017408
1690;0,0035;1690;0,004096;1690;0,018432
1691;0,0044;1691;0,004096;1691;0,018432
1692;0,0034;1692;0,003072;1692;0,016384
1693;0,0035;1693;0,004096;1693;0,017408
1694;0,0047;1694;0,004096;1694;0,019424
1695;0,0035;1695;0,004096;1695;0,016384
1696;0,0035;1696;0,004096;1696;0,016384
1697;0,006;1697;0,020448;1697;0,019456
1698;0,0035;1698;0,004096;1698;0,016384
1699;0,0035;1699;0,003072;1699;0,016384
1700;0,0034;1700;0,004096;1700;0,017408
1701;0,0035;1701;0,004096;1701;0,018432
1702;0,0051;1702;0,004096;1702;0,016384
1703;0,0098;1703;0,004096;1703;0,018432
1704;0,0035;1704;0,004096;1704;0,016384
1705;0,0036;1705;0,004096;1705;0,016384
1706;0,0211;1706;0,02048;1706;0,019456
1707;0,0044;1707;0,004096;1707;0,016384
1708;0,0042;1708;0,004096;1708;0,017376
1709;0,0053;1709;0,004096;1709;0,018432
1710;0,0035;1710;0,004096;1710;0,017408
1711;0,0049;1711;0,004096;1711;0,018464
1712;0,0036;1712;0,003072;1712;0,01536
1713;0,0042;1713;0,02048;1713;0,018432
1714;0,0035;1714;0,004096;1714;0,016384
1715;0,0035;1715;0,004096;1715;0,029696
1716;0,0036;1716;0,004096;1716;0,017408
1717;0,0035;1717;0,004096;1717;0,016384
1718;0,0036;1718;0,00512;1718;0,017408
1719;0,0043;1719;0,004096;1719;0,018432
1720;0,0035;1720;0,004096;1720;0,016384
1721;0,0035;1721;0,004096;1721;0,016384
1722;0,0043;1722;0,004096;1722;0,018432
1723;0,0035;1723;0,004096;1723;0,016384
1724;0,0036;1724;0,004096;1724;0,017408
1725;0,0035;1725;0,004096;1725;0,016384
1726;0,0259;1726;0,004096;1726;0,018432
1727;0,0035;1727;0,003072;1727;0,016384
1728;0,0036;1728;0,004096;1728;0,017408
1729;0,0036;1729;0,006144;1729;0,018432
1730;0,0036;1730;0,003072;1730;0,016384
1731;0,0035;1731;0,004096;1731;0,016384
1732;0,0036;1732;0,004096;1732;0,017408
1733;0,0037;1733;0,004096;1733;0,018432
1734;0,0036;1734;0,003072;1734;0,016384
1735;0,0036;1735;0,003072;1735;0,016384
1736;0,0036;1736;0,004096;1736;0,021504
1737;0,0049;1737;0,004096;1737;0,018432
1738;0,0036;1738;0,004096;1738;0,017408
1739;0,0036;1739;0,003072;1739;0,016384
1740;0,0045;1740;0,004096;1740;0,018432
1741;0,0035;1741;0,004096;1741;0,017408
1742;0,0047;1742;0,004096;1742;0,018432
1743;0,019;1743;0,004096;1743;0,016384
1744;0,0047;1744;0,004096;1744;0,019456
1745;0,0036;1745;0,004096;1745;0,017408
1746;0,0036;1746;0,004096;1746;0,016384
1747;0,0048;1747;0,004096;1747;0,018432
1748;0,0045;1748;0,004096;1748;0,016384
1749;0,0047;1749;0,004096;1749;0,018432
1750;0,0056;1750;0,00512;1750;0,018432
1751;0,0038;1751;0,004096;1751;0,016384
1752;0,0039;1752;0,004096;1752;0,019456
1753;0,0036;1753;0,003072;1753;0,016384
1754;0,0036;1754;0,004096;1754;0,017408
1755;0,0039;1755;0,004096;1755;0,018432
1756;0,0036;1756;0,004096;1756;0,016384
1757;0,0036;1757;0,004096;1757;0,017408
1758;0,0048;1758;0,02048;1758;0,018432
1759;0,0036;1759;0,004096;1759;0,016384
1760;0,0036;1760;0,004096;1760;0,016384
1761;0,0046;1761;0,004096;1761;0,018432
1762;0,0036;1762;0,004096;1762;0,016384
1763;0,0036;1763;0,004096;1763;0,016384
1764;0,0036;1764;0,004096;1764;0,016384
1765;0,0045;1765;0,02048;1765;0,018432
1766;0,0035;1766;0,003072;1766;0,016384
1767;0,0047;1767;0,004096;1767;0,017408
1768;0,0053;1768;0,004096;1768;0,018432
1769;0,0036;1769;0,004096;1769;0,016384
1770;0,0037;1770;0,004096;1770;0,016352
1771;0,0036;1771;0,004096;1771;0,017408
1772;0,0038;1772;0,004096;1772;0,018432
1773;0,0037;1773;0,004096;1773;0,016384
1774;0,0036;1774;0,004096;1774;0,016384
1775;0,0037;1775;0,00512;1775;0,017408
1776;0,0037;1776;0,004096;1776;0,018432
1777;0,0037;1777;0,004096;1777;0,016384
1778;0,0037;1778;0,004096;1778;0,016384
1779;0,0037;1779;0,004096;1779;0,017408
1780;0,0037;1780;0,004096;1780;0,018432
1781;0,0037;1781;0,004096;1781;0,016384
1782;0,0037;1782;0,004096;1782;0,017408
1783;0,0037;1783;0,004096;1783;0,018432
1784;0,0037;1784;0,004096;1784;0,016384
1785;0,0058;1785;0,02048;1785;0,018432
1786;0,0037;1786;0,004096;1786;0,016384
1787;0,0037;1787;0,004096;1787;0,017408
1788;0,0037;1788;0,004096;1788;0,018432
1789;0,0037;1789;0,004096;1789;0,016384
1790;0,0054;1790;0,006144;1790;0,018432
1791;0,0037;1791;0,003072;1791;0,016384
1792;0,0046;1792;0,004096;1792;0,02048
1793;0,0049;1793;0,004096;1793;0,016384
1794;0,0043;1794;0,004096;1794;0,019456
1795;0,0048;1795;0,004096;1795;0,017408
1796;0,0037;1796;0,004096;1796;0,016384
1797;0,0037;1797;0,004096;1797;0,017408
1798;0,009;1798;0,004096;1798;0,02048
1799;0,0037;1799;0,004096;1799;0,018432
1800;0,0037;1800;0,004096;1800;0,02048
1801;0,0037;1801;0,004096;1801;0,019456
1802;0,0037;1802;0,004096;1802;0,018432
1803;0,0037;1803;0,004096;1803;0,018432
1804;0,0037;1804;0,004096;1804;0,021504
1805;0,0037;1805;0,004096;1805;0,018432
1806;0,0037;1806;0,004096;1806;0,018432
1807;0,0037;1807;0,00512;1807;0,019456
1808;0,0038;1808;0,004096;1808;0,02048
1809;0,0038;1809;0,004096;1809;0,018432
1810;0,0038;1810;0,00512;1810;0,019456
1811;0,0038;1811;0,00512;1811;0,019456
1812;0,0038;1812;0,004096;1812;0,02048
1813;0,0037;1813;0,004096;1813;0,018432
1814;0,0037;1814;0,004096;1814;0,019456
1815;0,004;1815;0,004096;1815;0,02048
1816;0,0037;1816;0,004096;1816;0,018432
1817;0,0037;1817;0,004096;1817;0,019456
1818;0,0037;1818;0,004096;1818;0,02048
1819;0,0047;1819;0,004096;1819;0,019456
1820;0,0037;1820;0,004096;1820;0,017408
1821;0,0038;1821;0,021504;1821;0,02048
1822;0,0038;1822;0,004096;1822;0,017408
1823;0,0038;1823;0,004096;1823;0,018432
1824;0,0047;1824;0,004096;1824;0,02048
1825;0,0038;1825;0,004096;1825;0,018432
1826;0,0049;1826;0,00512;1826;0,021504
1827;0,0049;1827;0,004096;1827;0,018432
1828;0,0037;1828;0,004096;1828;0,017408
1829;0,0047;1829;0,019456;1829;0,02048
1830;0,0038;1830;0,004096;1830;0,018432
1831;0,0038;1831;0,004096;1831;0,03584
1832;0,0061;1832;0,004096;1832;0,019456
1833;0,0038;1833;0,004096;1833;0,02048
1834;0,004;1834;0,004096;1834;0,02048
1835;0,0038;1835;0,004096;1835;0,018432
1836;0,0039;1836;0,004096;1836;0,02048
1837;0,0037;1837;0,004096;1837;0,017408
1838;0,0038;1838;0,004096;1838;0,0184
1839;0,0038;1839;0,004096;1839;0,018432
1840;0,0052;1840;0,019456;1840;0,02048
1841;0,0037;1841;0,004096;1841;0,018432
1842;0,0038;1842;0,004096;1842;0,017408
1843;0,0037;1843;0,003104;1843;0,052224
1844;0,0037;1844;0,004096;1844;0,018432
1845;0,0038;1845;0,004096;1845;0,018432
1846;0,0053;1846;0,004096;1846;0,018432
1847;0,0038;1847;0,00512;1847;0,052224
1848;0,0039;1848;0,004096;1848;0,018432
1849;0,0038;1849;0,004096;1849;0,018432
1850;0,0118;1850;0,004096;1850;0,02048
1851;0,0039;1851;0,00512;1851;0,02048
1852;0,0038;1852;0,004096;1852;0,017408
1853;0,0052;1853;0,004096;1853;0,017408
1854;0,0038;1854;0,004096;1854;0,019456
1855;0,0038;1855;0,004096;1855;0,02048
1856;0,0039;1856;0,004096;1856;0,017408
1857;0,0064;1857;0,004096;1857;0,019456
1858;0,0039;1858;0,004096;1858;0,021504
1859;0,0039;1859;0,003072;1859;0,017408
1860;0,0038;1860;0,004096;1860;0,018432
1861;0,0038;1861;0,006144;1861;0,02048
1862;0,0038;1862;0,004096;1862;0,018432
1863;0,0038;1863;0,004096;1863;0,018432
1864;0,0053;1864;0,004096;1864;0,021504
1865;0,0038;1865;0,004096;1865;0,017408
1866;0,0038;1866;0,004096;1866;0,021504
1867;0,0039;1867;0,004096;1867;0,018432
1868;0,0038;1868;0,004096;1868;0,018432
1869;0,0051;1869;0,00512;1869;0,021504
1870;0,005;1870;0,004096;1870;0,018432
1871;0,0049;1871;0,004096;1871;0,018432
1872;0,0051;1872;0,021504;1872;0,02048
1873;0,0049;1873;0,004096;1873;0,017408
1874;0,0042;1874;0,005088;1874;0,053248
1875;0,004;1875;0,004096;1875;0,017408
1876;0,0038;1876;0,004096;1876;0,019456
1877;0,0038;1877;0,004096;1877;0,02048
1878;0,0039;1878;0,004096;1878;0,017408
1879;0,0039;1879;0,004096;1879;0,018432
1880;0,0049;1880;0,02048;1880;0,02048
1881;0,0048;1881;0,004096;1881;0,018432
1882;0,0038;1882;0,004096;1882;0,017408
1883;0,0038;1883;0,004096;1883;0,018432
1884;0,0039;1884;0,004096;1884;0,02048
1885;0,0047;1885;0,004096;1885;0,017408
1886;0,0039;1886;0,004096;1886;0,018432
1887;0,0038;1887;0,004096;1887;0,019456
1888;0,0039;1888;0,004096;1888;0,019456
1889;0,0039;1889;0,004096;1889;0,018432
1890;0,0039;1890;0,004096;1890;0,018432
1891;0,0039;1891;0,004096;1891;0,018432
1892;0,0039;1892;0,00512;1892;0,02048
1893;0,0039;1893;0,004096;1893;0,018432
1894;0,0039;1894;0,004096;1894;0,019456
1895;0,0039;1895;0,004096;1895;0,019456
1896;0,005;1896;0,00512;1896;0,02048
1897;0,0039;1897;0,004096;1897;0,018432
1898;0,0038;1898;0,004096;1898;0,018432
1899;0,0039;1899;0,004096;1899;0,019456
1900;0,0039;1900;0,004096;1900;0,018432
1901;0,0039;1901;0,004096;1901;0,018432
1902;0,0039;1902;0,004096;1902;0,02048
1903;0,0039;1903;0,004096;1903;0,018432
1904;0,0039;1904;0,004096;1904;0,018432
1905;0,005;1905;0,004096;1905;0,02048
1906;0,0039;1906;0,004096;1906;0,017408
1907;0,0039;1907;0,006144;1907;0,02048
1908;0,0039;1908;0,004096;1908;0,017408
1909;0,0041;1909;0,004096;1909;0,019456
1910;0,005;1910;0,004096;1910;0,019456
1911;0,0039;1911;0,004096;1911;0,019456
1912;0,004;1912;0,004096;1912;0,02048
1913;0,0052;1913;0,004096;1913;0,017408
1914;0,0051;1914;0,004096;1914;0,02048
1915;0,0039;1915;0,004096;1915;0,017408
1916;0,004;1916;0,004096;1916;0,018432
1917;0,0041;1917;0,004096;1917;0,02048
1918;0,0039;1918;0,004096;1918;0,017408
1919;0,0039;1919;0,004096;1919;0,018432
1920;0,0056;1920;0,004096;1920;0,02048
1921;0,004;1921;0,004096;1921;0,017408
1922;0,004;1922;0,004096;1922;0,019456
1923;0,0041;1923;0,007168;1923;0,02048
1924;0,004;1924;0,004096;1924;0,018432
1925;0,0039;1925;0,004096;1925;0,018432
1926;0,0039;1926;0,004096;1926;0,018432
1927;0,004;1927;0,02048;1927;0,02048
1928;0,0039;1928;0,00512;1928;0,018432
1929;0,0039;1929;0,00512;1929;0,018432
1930;0,0052;1930;0,004096;1930;0,021504
1931;0,0063;1931;0,004096;1931;0,018432
1932;0,004;1932;0,004096;1932;0,018432
1933;0,0039;1933;0,005088;1933;0,018432
1934;0,0039;1934;0,004096;1934;0,021504
1935;0,004;1935;0,004096;1935;0,017408
1936;0,004;1936;0,003072;1936;0,018432
1937;0,0039;1937;0,00512;1937;0,02048
1938;0,0051;1938;0,02048;1938;0,02048
1939;0,004;1939;0,004096;1939;0,018432
1940;0,004;1940;0,004096;1940;0,017408
1941;0,0041;1941;0,004096;1941;0,018432
1942;0,004;1942;0,004096;1942;0,02048
1943;0,004;1943;0,004096;1943;0,0184
1944;0,0039;1944;0,004096;1944;0,021504
1945;0,0039;1945;0,004096;1945;0,019456
1946;0,004;1946;0,004096;1946;0,018432
1947;0,0055;1947;0,004096;1947;0,019456
1948;0,004;1948;0,004096;1948;0,018432
1949;0,0056;1949;0,004096;1949;0,02048
1950;0,004;1950;0,004096;1950;0,018432
1951;0,0061;1951;0,019456;1951;0,02048
1952;0,0051;1952;0,004096;1952;0,018432
1953;0,004;1953;0,00512;1953;0,021504
1954;0,004;1954;0,003072;1954;0,018432
1955;0,0054;1955;0,004096;1955;0,018432
1956;0,005;1956;0,018432;1956;0,02048
1957;0,004;1957;0,004096;1957;0,018432
1958;0,004;1958;0,004096;1958;0,018432
1959;0,0042;1959;0,004096;1959;0,02048
1960;0,0058;1960;0,004096;1960;0,018432
1961;0,0041;1961;0,00512;1961;0,018432
1962;0,0049;1962;0,004096;1962;0,02048
1963;0,0041;1963;0,004096;1963;0,017408
1964;0,0041;1964;0,004096;1964;0,018432
1965;0,0041;1965;0,004096;1965;0,018432
1966;0,004;1966;0,004096;1966;0,02048
1967;0,0061;1967;0,004096;1967;0,018432
1968;0,004;1968;0,004096;1968;0,017408
1969;0,004;1969;0,004096;1969;0,018432
1970;0,0041;1970;0,004096;1970;0,021504
1971;0,004;1971;0,004096;1971;0,017408
1972;0,004;1972;0,00512;1972;0,017408
1973;0,004;1973;0,004096;1973;0,018432
1974;0,0059;1974;0,02048;1974;0,02048
1975;0,0041;1975;0,004096;1975;0,018432
1976;0,0041;1976;0,004096;1976;0,018432
1977;0,0041;1977;0,00512;1977;0,018432
1978;0,004;1978;0,004096;1978;0,019456
1979;0,004;1979;0,004096;1979;0,017408
1980;0,004;1980;0,004096;1980;0,018432
1981;0,004;1981;0,004096;1981;0,02048
1982;0,004;1982;0,004096;1982;0,019456
1983;0,0041;1983;0,004096;1983;0,018432
1984;0,0041;1984;0,004096;1984;0,052224
1985;0,004;1985;0,004096;1985;0,017408
1986;0,0041;1986;0,004096;1986;0,052224
1987;0,0041;1987;0,004096;1987;0,018432
1988;0,0041;1988;0,004096;1988;0,027648
1989;0,0048;1989;0,004096;1989;0,02048
1990;0,0043;1990;0,004096;1990;0,017408
1991;0,0049;1991;0,004096;1991;0,02048
1992;0,0041;1992;0,004096;1992;0,017408
1993;0,0053;1993;0,00512;1993;0,02048
1994;0,0054;1994;0,004096;1994;0,018432
1995;0,0041;1995;0,004096;1995;0,018432
1996;0,0052;1996;0,019456;1996;0,02048
1997;0,0041;1997;0,004096;1997;0,017408
1998;0,0041;1998;0,004096;1998;0,018432
1999;0,0042;1999;0,006144;1999;0,02048
2000;0,0041;2000;0,004096;2000;0,017408
2001;0,0041;2001;0,004096;2001;0,018432
2002;0,0051;2002;0,004096;2002;0,021504
2003;0,0041;2003;0,004096;2003;0,018432
2004;0,0041;2004;0,004096;2004;0,018432
2005;0,0041;2005;0,004096;2005;0,020448
2006;0,0055;2006;0,004096;2006;0,02048
2007;0,0041;2007;0,00512;2007;0,017408
2008;0,0041;2008;0,003072;2008;0,019456
2009;0,0041;2009;0,004096;2009;0,018432
2010;0,0054;2010;0,006144;2010;0,02048
2011;0,0041;2011;0,004096;2011;0,017408
2012;0,0041;2012;0,004096;2012;0,018432
2013;0,0041;2013;0,004096;2013;0,052224
2014;0,0042;2014;0,004096;2014;0,018432
2015;0,0042;2015;0,004096;2015;0,017408
2016;0,0042;2016;0,004096;2016;0,018432
2017;0,0045;2017;0,021504;2017;0,02048
2018;0,0041;2018;0,00512;2018;0,017408
2019;0,0041;2019;0,004096;2019;0,018432
2020;0,0041;2020;0,004096;2020;0,019456
2021;0,0042;2021;0,004096;2021;0,02048
2022;0,0041;2022;0,004096;2022;0,017408
2023;0,0042;2023;0,004096;2023;0,018432
2024;0,0042;2024;0,004096;2024;0,02048
2025;0,0042;2025;0,004096;2025;0,019456
2026;0,0042;2026;0,004096;2026;0,017408
2027;0,0042;2027;0,004096;2027;0,019456
2028;0,0141;2028;0,004096;2028;0,021504
2029;0,0041;2029;0,004096;2029;0,017408
2030;0,0042;2030;0,004096;2030;0,029696
2031;0,0043;2031;0,004096;2031;0,02048
2032;0,0053;2032;0,004096;2032;0,019456
2033;0,0042;2033;0,004096;2033;0,02048
2034;0,0048;2034;0,004096;2034;0,017408
2035;0,0042;2035;0,006144;2035;0,053248
2036;0,0042;2036;0,00512;2036;0,018432
2037;0,0042;2037;0,004096;2037;0,017408
2038;0,0041;2038;0,004096;2038;0,019456
2039;0,0045;2039;0,004096;2039;0,019456
2040;0,0073;2040;0,004096;2040;0,017408
2041;0,0042;2041;0,00512;2041;0,02048
2042;0,0043;2042;0,004096;2042;0,018432
2043;0,0042;2043;0,004096;2043;0,019456
2044;0,0042;2044;0,004096;2044;0,02048
2045;0,0042;2045;0,004096;2045;0,019456
2046;0,0042;2046;0,00512;2046;0,02048
2047;0,0054;2047;0,004096;2047;0,02048

Process finished with exit code 0
